source,target
/norfolk/heating/gas-oil-furnaces-repair/,/norfolk/heating/
/norfolk/air-conditioning/mini-split-ac-repair/,/norfolk/air-conditioning/
/norfolk/air-conditioning/geothermal-repair/,/norfolk/air-conditioning/
/norfolk/heating/furnace-repair/,/norfolk/heating/
/norfolk/air-conditioning/geothermal/,/norfolk/air-conditioning/
/norfolk/air-conditioning/ac-installation/,/norfolk/air-conditioning/
/norfolk/heating/heat-pump-installation/,/norfolk/heating/
/norfolk/air-conditioning/ac-tune-up/,/norfolk/air-conditioning/
/norfolk/air-conditioning/ac-service/,/norfolk/air-conditioning/
/norfolk/air-conditioning/ac-repair/,/norfolk/air-conditioning/
/norfolk/heating/furnace-service/,/norfolk/heating/
/norfolk/air-conditioning/geothermal-service/,/norfolk/air-conditioning/
/norfolk/heating/furnace-tune-up/,/norfolk/heating/
/norfolk/air-conditioning/radiator-repairs/,/norfolk/air-conditioning/
/norfolk/heating/furnace-installation/,/norfolk/heating/
/norfolk/air-conditioning/geothermal-installation/,/norfolk/air-conditioning/
/norfolk/air-conditioning/nest-pro-installation/,/norfolk/air-conditioning/
/norfolk/?page_id=71,/norfolk/
/winchester/plumbing/boiler-repair/,/winchester/plumbing/
/winchester/plumbing/tankless-water-heaters/,/winchester/plumbing/water-heater-services/
/winchester/heating/furnace-repair/,/winchester/heating/gas-oil-furnaces-repair/
/winchester/heating/furnace-service/,/winchester/heating/
/winchester/heating/furnace-tune-up/,/winchester/heating/
/winchester/plumbing/drain-clogs/,/winchester/plumbing/drain-cleaning/
/winchester/plumbing/water-heater-installation/,/winchester/plumbing/water-heater-services/
/winchester/plumbing/gas-line-installation/,/winchester/plumbing/
/winchester/plumbing/radiators/,/winchester/plumbing/
/winchester/air-conditioning/nest-pro-installation/,/winchester/air-conditioning/
/winchester/air-conditioning/radiator-repairs/,/winchester/air-conditioning/
/winchester/septic/sewer/,/winchester/septic/sewer-drain-cleaning/
/winchester/septic/septic-pumping/,/winchester/septic/
/winchester/septic/septic-replacement/,/winchester/septic/
/winchester/septic/septic-installation/,/winchester/septic/
/winchester/septic/septic-tank-inspections/,/winchester/septic/
/winchester/septic/water-lines/,/winchester/septic/
/wilmington/heating/water-heater-repair/,/wilmington/plumbing/water-heater-services/
/wilmington/plumbing/boiler-repair/,/wilmington/plumbing/
/wilmington/plumbing/gas-line-installation/,/wilmington/plumbing/
/wilmington/plumbing/boiler-and-radiator-services/,/wilmington/plumbing/
/wilmington/thermostat-repair/,/wilmington/heating/
/wilmington/plumbing/emergency-plumbing/,/wilmington/plumbing/
/wilmington/plumbing/sewer-line-repair/piney-grove/,/wilmington/plumbing/sewer-line-repair/
/wilmington/plumbing/sewer-line-repair/seagate/,/wilmington/plumbing/sewer-line-repair/
/wilmington/plumbing/sewer-line-repair/wrightsville-beach/,/wilmington/plumbing/sewer-line-repair/
/wilmington/plumbing/sewer-line-repair/red-bug/,/wilmington/plumbing/sewer-line-repair/
/wilmington/plumbing/sewer-line-repair/bald-head-island/,/wilmington/plumbing/sewer-line-repair/
/wilmington/plumbing/sewer-line-repair/lockwoods-folly/,/wilmington/plumbing/sewer-line-repair/
/wilmington/plumbing/sewer-line-repair/winnabow/,/wilmington/plumbing/sewer-line-repair/
/wilmington/plumbing/sewer-line-repair/kings-grant/,/wilmington/plumbing/sewer-line-repair/
/wilmington/plumbing/sewer-line-repair/fort-caswell/,/wilmington/plumbing/sewer-line-repair/
/wilmington/plumbing/sewer-line-repair/wallace/,/wilmington/plumbing/sewer-line-repair/
/wilmington/plumbing/sewer-line-repair/southport/,/wilmington/plumbing/sewer-line-repair/
/wilmington/plumbing/sewer-line-repair/myrtle-grove/,/wilmington/plumbing/sewer-line-repair/
/wilmington/plumbing/sewer-line-repair/figure-eight-island/,/wilmington/plumbing/sewer-line-repair/
/wilmington/plumbing/sewer-line-repair/rocky-point/,/wilmington/plumbing/sewer-line-repair/
/wilmington/plumbing/sewer-line-repair/carolina-forest/,/wilmington/plumbing/sewer-line-repair/
/wilmington/plumbing/sewer-line-repair/currie/,/wilmington/plumbing/sewer-line-repair/
/wilmington/plumbing/sewer-line-repair/ogden/,/wilmington/plumbing/sewer-line-repair/
/wilmington/plumbing/sewer-line-repair/penderlea/,/wilmington/plumbing/sewer-line-repair/
/wilmington/plumbing/sewer-line-repair/belville/,/wilmington/plumbing/sewer-line-repair/
/wilmington/plumbing/sewer-line-repair/castle-hayne/,/wilmington/plumbing/sewer-line-repair/
/wilmington/plumbing/sewer-line-repair/st-james/,/wilmington/plumbing/sewer-line-repair/
/wilmington/plumbing/sewer-line-repair/masonboro/,/wilmington/plumbing/sewer-line-repair/
/wilmington/plumbing/sewer-line-repair/northwest/,/wilmington/plumbing/sewer-line-repair/
/wilmington/plumbing/sewer-line-repair/supply/,/wilmington/plumbing/sewer-line-repair/
/wilmington/plumbing/sewer-line-repair/northchase/,/wilmington/plumbing/sewer-line-repair/
/wilmington/plumbing/sewer-line-repair/sandy-creek/,/wilmington/plumbing/sewer-line-repair/
/wilmington/plumbing/sewer-line-repair/bolivia/,/wilmington/plumbing/sewer-line-repair/
/wilmington/plumbing/sewer-line-repair/topsail-beach/,/wilmington/plumbing/sewer-line-repair/
/wilmington/plumbing/sewer-line-repair/grissettown/,/wilmington/plumbing/sewer-line-repair/
/wilmington/plumbing/sewer-line-repair/hampstead/,/wilmington/plumbing/sewer-line-repair/
/wilmington/plumbing/sewer-line-repair/surf-city/,/wilmington/plumbing/sewer-line-repair/
/wilmington/plumbing/sewer-line-repair/calabash/,/wilmington/plumbing/sewer-line-repair/
/wilmington/plumbing/sewer-line-repair/carolina-beach/,/wilmington/plumbing/sewer-line-repair/
/wilmington/plumbing/sewer-line-repair/leland/,/wilmington/plumbing/sewer-line-repair/
/wilmington/plumbing/sewer-line-repair/maple-hill/,/wilmington/plumbing/sewer-line-repair/
/wilmington/plumbing/sewer-line-repair/shallotte/,/wilmington/plumbing/sewer-line-repair/
/wilmington/plumbing/sewer-line-repair/oak-island/,/wilmington/plumbing/sewer-line-repair/
/wilmington/plumbing/sewer-line-repair/watha/,/wilmington/plumbing/sewer-line-repair/
/wilmington/plumbing/sewer-line-repair/blue-clay-farms/,/wilmington/plumbing/sewer-line-repair/
/wilmington/plumbing/sewer-line-repair/maco/,/wilmington/plumbing/sewer-line-repair/
/wilmington/plumbing/sewer-line-repair/st-helena/,/wilmington/plumbing/sewer-line-repair/
/wilmington/plumbing/sewer-line-repair/bayshore/,/wilmington/plumbing/sewer-line-repair/
/wilmington/plumbing/sewer-line-repair/murraysville/,/wilmington/plumbing/sewer-line-repair/
/wilmington/plumbing/sewer-line-repair/carolina-shores/,/wilmington/plumbing/sewer-line-repair/
/wilmington/plumbing/sewer-line-repair/boiling-spring-lakes/,/wilmington/plumbing/sewer-line-repair/
/wilmington/plumbing/sewer-line-repair/porters-neck/,/wilmington/plumbing/sewer-line-repair/
/wilmington/plumbing/sewer-line-repair/ocean-isle-beach/,/wilmington/plumbing/sewer-line-repair/
/wilmington/plumbing/sewer-line-repair/sea-breeze/,/wilmington/plumbing/sewer-line-repair/
/wilmington/plumbing/sewer-line-repair/yamacraw/,/wilmington/plumbing/sewer-line-repair/
/wilmington/plumbing/sewer-line-repair/scotts-hill/,/wilmington/plumbing/sewer-line-repair/
/wilmington/plumbing/sewer-line-repair/varnamtown/,/wilmington/plumbing/sewer-line-repair/
/wilmington/plumbing/sewer-line-repair/sunset-beach/,/wilmington/plumbing/sewer-line-repair/
/wilmington/plumbing/sewer-line-repair/atkinson/,/wilmington/plumbing/sewer-line-repair/
/wilmington/plumbing/sewer-line-repair/hightsville/,/wilmington/plumbing/sewer-line-repair/
/wilmington/plumbing/sewer-line-repair/holden-beach/,/wilmington/plumbing/sewer-line-repair/
/wilmington/plumbing/sewer-line-repair/sloop-point/,/wilmington/plumbing/sewer-line-repair/
/wilmington/plumbing/sewer-line-repair/montague/,/wilmington/plumbing/sewer-line-repair/
/wilmington/plumbing/sewer-line-repair/willard/,/wilmington/plumbing/sewer-line-repair/
/wilmington/plumbing/sewer-line-repair/kure-beach/,/wilmington/plumbing/sewer-line-repair/
/norfolk/plumbing/tankless-water-heaters/,/norfolk/plumbing/water-heater-services/
/norfolk/plumbing/water-heater-installation/,/norfolk/plumbing/water-heater-services/
/wilmington/plumbing/tankless-water-heaters/,/wilmington/plumbing/water-heater-services/
/wilmington/plumbing/water-heater-repair/,/wilmington/plumbing/water-heater-services/
/wilmington/plumbing/water-heater-installation/,/wilmington/plumbing/water-heater-services/
/wilmington/plumbing/water-heater-replacement/,/wilmington/plumbing/water-heater-services/
/wilmington/plumbing/bathroom-fixtures/,/wilmington/plumbing/
/wilmington/plumbing/faucets/,/wilmington/plumbing/
/wilmington/plumbing/garbage-disposals/,/wilmington/plumbing/
/wilmington/plumbing/toilet-repair/,/wilmington/plumbing/
/wilmington/plumbing/backflow-testing/,/wilmington/plumbing/
/wilmington/plumbing/radiators/,/wilmington/plumbing/
/wilmington/plumbing/slab-leak-repairs-a-detection/,/wilmington/plumbing/
/wilmington/plumbing/water-treatment/,/wilmington/plumbing/
/wilmington/plumbing/burst-pipe-repair/,/wilmington/plumbing/
/wilmington/plumbing/drain-clogs/,/wilmington/plumbing/drain-cleaning/
