name,reason,state,reviews,domain
A & M Corson's AquaValue,GBP secondary: supply/hot tub store,Arizona,84,amcorsons.com
A Pool Day,GBP secondary: supply/hot tub store,Minnesota,108,apoolday.com
A&K Pools,GBP secondary: supply/hot tub store,Michigan,39,akprintingandpools.com
ACME Pool and Spa Company,GBP secondary: supply/hot tub store,New York,128,acmepoolco.com
AG Pool Masters LLC,GBP secondary: supply/hot tub store,Illinois,69,agpoolmasters.com
Aaron Pools & Spas,GBP secondary: supply/hot tub store,Massachusetts,142,aaronpoolsandspas.com
Above & Beyond Pools and Spas,GBP secondary: supply/hot tub store,Missouri,127,aboveandbeyondkc.com
Above Ground Pools Sales - AAM Company,GBP secondary: supply/hot tub store,Texas,61,aamcopoolservice.com
Adcock Pool and Spa,GBP secondary: supply/hot tub store,Mississippi,38,adcockpoolandspa.com
"Adirondack Pools & Spas, Inc.",GBP secondary: supply/hot tub store,New York,51,adirondackpools.com
Affordable Pools,GBP secondary: supply/hot tub store,North Carolina,31,affordablepoolsoffayetteville.com
Alden Pools & Play,GBP secondary: supply/hot tub store,New York,99,aldenpoolsandplay.com
All Seasons Pool & Spa,GBP secondary: supply/hot tub store,Maryland,41,allseasonspoolandspa.net
Allstar Pool & Spa,GBP secondary: supply/hot tub store,Alabama,131,allstarpool.com
"Almar Jackson Pools, Inc.",GBP secondary: supply/hot tub store,Florida,38,almarjacksonpools.com
Aloha Swimming Pools & Spas,GBP secondary: supply/hot tub store,Connecticut,49,alohaswimmingpools.com
Alpa Pools & Spas,GBP secondary: supply/hot tub store,New Jersey,35,alpapools.com
Anders Pool & Spa Company,GBP secondary: supply/hot tub store,Alabama,121,anderspool.com
Anthony & Sylvan Pools,GBP secondary: supply/hot tub store,Pennsylvania,114,anthonysylvan.com
Anthony & Sylvan Pools,GBP secondary: supply/hot tub store,New Jersey,74,anthonysylvan.com
"Aqua Fun, Inc.",GBP secondary: supply/hot tub store,Georgia,51,myaquafun.com
Aqua Land Pool Spa & Patio,GBP secondary: supply/hot tub store,Kentucky,97,aqualandfun.com
Aqua Rec's Fireside Hearth N' Home,GBP secondary: supply/hot tub store,Washington,83,aquarec.com
"Aqua-Land Pools, Inc.",GBP secondary: supply/hot tub store,New Jersey,42,aqualandpools.com
Aquascape Pools,GBP secondary: supply/hot tub store,Oklahoma,148,aquascapeokc.com
Aquathority Pools & Spa,GBP secondary: supply/hot tub store,Pennsylvania,49,aquathority.com
Arrow Master Pools,GBP secondary: supply/hot tub store,Pennsylvania,63,arrowmasterpools.com
Artisan Pools,GBP secondary: supply/hot tub store,Nebraska,59,artisanpools.net
Artistic Pools of Florida Inc.,GBP secondary: supply/hot tub store,Florida,25,artisticpoolsfla.com
Ashland Ohio Pools and Spas,GBP secondary: supply/hot tub store,Ohio,25,aquaticsconnect.com
Atlantis Pool & Spa,GBP secondary: supply/hot tub store,Minnesota,80,atlantispoolsinc.com
Atlantis Pools Inc,GBP secondary: supply/hot tub store,Pennsylvania,37,atlantispoolsandspas.com
Atlas Pools And Spas,GBP secondary: supply/hot tub store,New Jersey,91,atlaspoolsandspas.com
Atlas Spas & Swim Spas,GBP secondary: supply/hot tub store,Kansas,25,atlasspas.com
Auman Pools LLC,GBP secondary: supply/hot tub store,South Carolina,21,aumanpools.com
Azure Pools,GBP secondary: supply/hot tub store,North Carolina,68,azurepoolsonline.com
B & B Pools LLC,GBP secondary: supply/hot tub store,Idaho,39,bandbpools.net
B & M Pool Spa & Patio,GBP secondary: supply/hot tub store,Georgia,120,bandmpools.com
"B & M Pool, Spa & Patio",GBP secondary: supply/hot tub store,Georgia,38,bandmpools.com
BDL Pools & Spas,GBP secondary: supply/hot tub store,Utah,22,bdlpools.com
Barracuda Pool & Spa Co,GBP secondary: supply/hot tub store,Pennsylvania,30,barracudapools.fun
Bay Area Fireplace Pool & Spa,GBP secondary: supply/hot tub store,Michigan,34,bayareapools.com
Bay Pool Company,GBP secondary: supply/hot tub store,Mississippi,52,baypoolcompany.com
Beach Pools & Spas LLC,GBP secondary: supply/hot tub store,North Carolina,45,beachpoolsandspas.com
Beachfront Pools,GBP secondary: supply/hot tub store,California,29,beachfrontpoolservice.com
Beard Pools Spas & Fencing,GBP secondary: supply/hot tub store,Illinois,23,beardpools.com
Bella Pools and Spa,GBP secondary: supply/hot tub store,Illinois,95,bellapoolsandspa.com
Berry Family Pools,GBP secondary: supply/hot tub store,Texas,109,berryfamilypools.com
Bert's Pools,GBP secondary: supply/hot tub store,Pennsylvania,26,bertspools.com
Big Splash Pools & Spa LLC,GBP secondary: supply/hot tub store,Florida,65,bsplashpools.com
Billiot Pools & Spas LLC,GBP secondary: supply/hot tub store,Louisiana,58,billiotpoolsandspas.com
Blue Crystal Pools Associates,GBP secondary: supply/hot tub store,Kentucky,35,bluecrystalpoolsassoc.com
Blue Lagoon Pool and Spa LLC,GBP secondary: supply/hot tub store,Washington,25,bluelagoonpoolandspa.com
Blue Lagoon Pools,GBP secondary: supply/hot tub store,Pennsylvania,90,bluelagoon-pools.com
Blue Water Spas & Pools,GBP secondary: supply/hot tub store,Michigan,25,bluewaterspaandpool.com
Bonnie & Clydes Pools and Spas,GBP secondary: supply/hot tub store,Texas,87,bncpools.com
Bonnie & Clydes Pools and Spas,GBP secondary: supply/hot tub store,Texas,61,bncpools.com
Buchmyer's Pools Inc,GBP secondary: supply/hot tub store,Pennsylvania,72,buchmyerspools.com
Burks Brothers Pools & Spas,GBP secondary: supply/hot tub store,Alabama,38,burksbrotherspoolsandspas.com
Burnett Pools Inc.,GBP secondary: supply/hot tub store,Pennsylvania,60,burnettpools.com
Burton Pools & Spas,GBP secondary: supply/hot tub store,Arkansas,80,burtonpools.com
C & C Pools,GBP secondary: supply/hot tub store,South Carolina,115,c-cpools.com
C & W Pools,GBP secondary: supply/hot tub store,Tennessee,54,c-wpools.com
C Ray Pools,GBP secondary: supply/hot tub store,Indiana,63,craypoolscorp.com
CPS Pools and Spas,GBP secondary: supply/hot tub store,Mississippi,30,cpspoolsandspas.com
"Calhoun's Pool, Hearth & Patio",GBP secondary: supply/hot tub store,Kentucky,28,calhounspool.com
Calypso Blue Pool & Spa,GBP secondary: supply/hot tub store,Connecticut,68,calypsobluepoolandspa.com
Cannon Pools and Spas,GBP secondary: supply/hot tub store,New York,60,cannonpools.com
Carlton Pools,GBP secondary: supply/hot tub store,New Jersey,146,carltonpools.com
Central Pools,GBP secondary: supply/hot tub store,Louisiana,45,centralpools.com
Chaffee's Swimming Pools,GBP secondary: supply/hot tub store,New York,99,chaffeepools.com
Chautauqua Pools and Power Sports LLC,GBP secondary: supply/hot tub store,New York,33,chautauquapoolsandpowersports.com
Clark's Pools,GBP secondary: supply/hot tub store,Delaware,95,clarkspools.com
Clark's Swimming Pools,GBP secondary: supply/hot tub store,Delaware,128,clarksswimmingpools.com
ClearWater Pools,GBP secondary: supply/hot tub store,New York,61,clearwaterpoolsny.com
"Clearflo Pools, Inc.",GBP secondary: supply/hot tub store,California,37,clearflopools.com
Clearwater Pools & Patios,GBP secondary: supply/hot tub store,Georgia,38,clearwaterpools-patios.com
"Clearwater Pools & Spas, LLC",GBP secondary: supply/hot tub store,Kansas,70,clearwaterpoolsmidwest.com
Clearwater Swimming Pool Co,GBP secondary: supply/hot tub store,Pennsylvania,57,groupclearwater.com
Clearwater Swimming Pool Company,GBP secondary: supply/hot tub store,Pennsylvania,21,groupclearwater.com
CoastLife Pools,GBP secondary: supply/hot tub store,Florida,80,coastlifepools.com
Coastal Pools & More,GBP secondary: supply/hot tub store,Florida,25,gocoastalpools.com
Combined Pool and Spa,GBP secondary: supply/hot tub store,Iowa,78,combinedpoolsandspa.com
"Country Club Pools, Inc.",GBP secondary: supply/hot tub store,Pennsylvania,27,countryclubpoolsinc.com
Cracolici Inc.,GBP secondary: supply/hot tub store,New York,20,cracolici-inc.com
Creative Lifestyle Pools,GBP secondary: supply/hot tub store,Texas,34,creativelifestylepools.com
Credible Pool & Spa,GBP secondary: supply/hot tub store,Pennsylvania,77,crediblepools.com
Crown Pools,GBP secondary: supply/hot tub store,Texas,103,crownpools.com
Crown Pools,GBP secondary: supply/hot tub store,Texas,80,crownpools.com
Crystal River Pools,GBP secondary: supply/hot tub store,Florida,29,crystalriverpools.com
Cypress Pools & Spas,GBP secondary: supply/hot tub store,New York,114,cypresspoolsandspas.com
David Pool and Spa,GBP secondary: supply/hot tub store,Texas,40,davidpoolandspa.com
Davis Swimming Pools,GBP secondary: supply/hot tub store,Connecticut,25,davispools.net
"Debnar's Pools, Spas, Lawn & Garden",GBP secondary: supply/hot tub store,PA,84,debnars.com
"Debnars Pools, Spas, Lawn & Garden",GBP secondary: supply/hot tub store,Pennsylvania,79,debnars.com
Del Suppo Pools and Spas,GBP secondary: supply/hot tub store,Pennsylvania,28,delsuppopools.com
Denscot Pool & Spa,GBP secondary: supply/hot tub store,Connecticut,53,denscotpools.com
Discount Pools,GBP secondary: supply/hot tub store,Texas,35,discountpoolman.com
"Dixon Pool & Spa, Inc.",GBP secondary: supply/hot tub store,North Carolina,86,dixonpool-spa.com
Dolphin Pool & Spa,GBP secondary: supply/hot tub store,Michigan,62,dolphin-pool.com
Dolphin Pools & Spas LLC,GBP secondary: supply/hot tub store,Connecticut,56,dolphinpoolsandspas.com
Doughboy Pools of Bakersfield,GBP secondary: supply/hot tub store,California,28,doughboypoolsofbakersfield.com
Dreamscaping Inc.,GBP secondary: supply/hot tub store,Ohio,26,dreamscaping.net
Drewnowski Pools & Spa,GBP secondary: supply/hot tub store,Massachusetts,102,drewnowskipools.com
Duckman’s Pools LLC,GBP secondary: supply/hot tub store,Massachusetts,37,duckmanspools.com
Duran Pools and Spas - Nacogdoches,GBP secondary: supply/hot tub store,Texas,89,duranpools.com
EML Pool & Spa,GBP secondary: supply/hot tub store,Florida,42,emlpools.com
"Eagle Pool & Spa, Inc.",GBP secondary: supply/hot tub store,Pennsylvania,119,eaglepoolspa.com
East Coast Pool & Spa,GBP secondary: supply/hot tub store,Maine,65,eastcoastpoolandspas.com
East Coast Pools & Spas,GBP secondary: supply/hot tub store,Florida,69,eastcoastpoolsandspas.com
Eastern Pools,GBP secondary: supply/hot tub store,Ohio,110,easternpools.com
Easy Living Pools,GBP secondary: supply/hot tub store,Ohio,80,easylivingpools.com
"Ebeling Pools, Inc.",GBP secondary: supply/hot tub store,Kansas,123,ebelingpools.com
Eckel Pool Concepts Inc,GBP secondary: supply/hot tub store,Texas,122,poolbuildersnearme.com
Elite Pools and Spas,GBP secondary: supply/hot tub store,Illinois,55,elitepoolsandspas.com
Energy Source Pools,GBP secondary: supply/hot tub store,Washington,34,energysourcepools.com
Epic Pools,GBP secondary: supply/hot tub store,Illinois,86,epicpoolsci.com
Evergreen Pool and Spa,GBP secondary: supply/hot tub store,Illinois,31,evergreenpoolplus.com
"Ewing Pool & Spa, Inc.",GBP secondary: supply/hot tub store,Louisiana,63,ewingpools.com
Fairfield Pool,GBP secondary: supply/hot tub store,Connecticut,54,fairfieldpool.com
Family Fun Pools & Spas,GBP secondary: supply/hot tub store,Arkansas,42,familyfunpoolsandspas.com
Farmer's Pool & Spa,GBP secondary: supply/hot tub store,Missouri,54,farmerspoolandspa.com
Fine Pools & Spas,GBP secondary: supply/hot tub store,Alabama,50,aquaticsconnect.com
Fishel Pools,GBP secondary: supply/hot tub store,Missouri,75,fishelpools.com
Fishkill Pools Inc,GBP secondary: supply/hot tub store,New York,39,fishkillpools.com
Four Seasons Spa & Pool,GBP secondary: supply/hot tub store,Idaho,71,fourseasonsspaandpool.com
Fox Pool Consumer Division,GBP secondary: supply/hot tub store,Pennsylvania,26,foxpoolstores.com
Foxx Pools By Charles Burger,GBP secondary: supply/hot tub store,New York,40,foxxpoolsbycburger.com
Fun Time Pools,GBP secondary: supply/hot tub store,Louisiana,29,funtimepoolsla.com
G&S Pools,GBP secondary: supply/hot tub store,New York,140,gspoolsinc.com
GEO World Class Pools,GBP secondary: supply/hot tub store,New Jersey,31,geoworldclasspools.com
GSI Pool Finishes,GBP secondary: supply/hot tub store,Pennsylvania,31,gsipoolfinishes.com
Gator Pools & Spas,GBP secondary: supply/hot tub store,Florida,92,gatorpoolsandspas.com
Geddes Pool Co Inc,GBP secondary: supply/hot tub store,Kentucky,60,geddespools.com
"Gemini Pool & Spa, Inc.",GBP secondary: supply/hot tub store,Hawaii,30,geminipools.com
George Neiderer Pools Inc,GBP secondary: supply/hot tub store,Pennsylvania,29,gnpools.com
"Glamour Pools and Spas, Inc.",GBP secondary: supply/hot tub store,Maine,30,glamourpools.com
Goodall Pools & Spas,GBP secondary: supply/hot tub store,Pennsylvania,91,goodallpools.com
Goodall Pools & Spas,GBP secondary: supply/hot tub store,Pennsylvania,83,goodallpools.com
Goodall Pools & Spas,GBP secondary: supply/hot tub store,Pennsylvania,61,goodallpools.com
Grimes Pools,GBP secondary: supply/hot tub store,Indiana,79,grimespools.com
Gulfstream Pools & Spas,GBP secondary: supply/hot tub store,Louisiana,21,gulfpoolsla.com
Hacienda Pools,GBP secondary: supply/hot tub store,Texas,34,haciendapools.net
Hart Pool,GBP secondary: supply/hot tub store,Texas,81,hartpool.com
Haven Pools Inc,GBP secondary: supply/hot tub store,New York,20,havenpools.com
Heartland Pool and Spa,GBP secondary: supply/hot tub store,Iowa,36,heartlandpoolandspaia.com
Heritage Pools,GBP secondary: supply/hot tub store,Tennessee,33,poolsbyheritage.com
Hill Country Pools & Spas,GBP secondary: supply/hot tub store,Texas,39,hillcountrypools.com
Hillside Pools,GBP secondary: supply/hot tub store,Indiana,100,hillsidepoolsonline.com
"Holiday Pools & Fireside, Inc.",GBP secondary: supply/hot tub store,North Carolina,104,holidaypoolsandfireside.com
Holiday Pools Inc,GBP secondary: supply/hot tub store,West Virginia,138,myholidaypools.com
Holland's Pools & Spas,GBP secondary: supply/hot tub store,New York,88,hollandpools.net
Home Innovations Spas,GBP secondary: supply/hot tub store,Nebraska,60,spasonline.com
Homestead Pools,GBP secondary: supply/hot tub store,Georgia,21,homesteadpools.net
Hucks Pool Company,GBP secondary: supply/hot tub store,South Carolina,40,huckspool.com
Hudson Pools & Spas,GBP secondary: supply/hot tub store,Ohio,43,hudsonpoolsandspas.com
Hughes Pools & Spas,GBP secondary: supply/hot tub store,Alabama,118,hughespools.com
Hydro Pool and Spa,GBP secondary: supply/hot tub store,Missouri,20,hydropoolandspa.com
Illini Pools,GBP secondary: supply/hot tub store,Illinois,25,illinipools.com
Imperial Pools & Spas,GBP secondary: supply/hot tub store,Massachusetts,68,imperialpoolsandspas.com
"Indiana Pools & Spas, Inc.",GBP secondary: supply/hot tub store,Indiana,70,indianapoolsandspas.com
Ingenious Pool and Spa Inc.,GBP secondary: supply/hot tub store,Arizona,33,ingeniouspoolandspa.com
Islandia Pools Ltd.,GBP secondary: supply/hot tub store,New York,56,islandiapools.com
"J.C. Pools, Inc.",GBP secondary: supply/hot tub store,Massachusetts,47,jcpools.net
"Jay-Kem, Inc.",GBP secondary: supply/hot tub store,Indiana,28,jaykemjasper.com
Jensen's Pools and More,GBP secondary: supply/hot tub store,Indiana,100,jensenspools.com
Johnsons All Seasons Pool & Spa,GBP secondary: supply/hot tub store,New Hampshire,23,splashme.com
Juliano's Pools,GBP secondary: supply/hot tub store,Connecticut,99,julianospools.com
Juliano's Pools,GBP secondary: supply/hot tub store,New Hampshire,43,julianospools.com
Juliano's Pools,GBP secondary: supply/hot tub store,South Carolina,22,julianospoolssc.com
Kandu Pools,GBP secondary: supply/hot tub store,Ontario,57,kandupools.com
Keller Pools at Coral Shores,GBP secondary: supply/hot tub store,Florida,96,kellerpools.com
Keylime Pools,GBP secondary: supply/hot tub store,Texas,62,keylimepools.com
Kiker's Pools & Spas,GBP secondary: supply/hot tub store,North Carolina,115,kikerpoolsandspas.com
Kinney Pools,GBP secondary: supply/hot tub store,New Jersey,97,kinneypoolsnj.com
Kirk's Pool & Hearth,GBP secondary: supply/hot tub store,South Carolina,138,kirkspool.com
"Krystal Klear Pools, Inc.",GBP secondary: supply/hot tub store,Arkansas,28,krystalklearpoolsinc.com
Lake County Pool Pros,GBP secondary: supply/hot tub store,Florida,74,google.com
Lake Geneva Pool And Spa,GBP secondary: supply/hot tub store,Wisconsin,29,lakegenevapoolandspa.com
Lakeside Swimming Pools,GBP secondary: supply/hot tub store,Rhode Island,70,lakesideswimmingpools.com
Lee-Sure Pools,GBP secondary: supply/hot tub store,New Mexico,89,leesurepools.com
Lighthouse Spas & Pools Inc,GBP secondary: supply/hot tub store,Arkansas,49,lighthousespasandpools.com
"Lowe Pools, Inc.",GBP secondary: supply/hot tub store,Kentucky,45,lowepools.com
Lusk Pools,GBP secondary: supply/hot tub store,Georgia,125,luskpools.com
Luxury Pool & Spa Inc,GBP secondary: supply/hot tub store,Arkansas,47,luxurypoolarkansas.com
M-T Pools Inc.,GBP secondary: supply/hot tub store,Maine,30,mtpoolsinc.com
"MC&R Pools, Inc.",GBP secondary: supply/hot tub store,South Dakota,40,mcrpools.com
MGK Pools,GBP secondary: supply/hot tub store,Massachusetts,65,mgkpools.com
MVP Pools,GBP secondary: supply/hot tub store,Ohio,31,mvppoolsllc.com
Malibu Pools Kendall,GBP secondary: supply/hot tub store,Florida,129,malibupools.org
Malibu Pools Ltd,GBP secondary: supply/hot tub store,Ontario,62,malibupools.ca
Man Made Pools,GBP secondary: supply/hot tub store,Pennsylvania,32,manmadepools.com
Mannix Pools and Grills,GBP secondary: supply/hot tub store,Florida,94,mannixpools.net
Martin Pools & Spas,GBP secondary: supply/hot tub store,Florida,82,martinpools.com
Mastercraft Pool & Spa,GBP secondary: supply/hot tub store,Idaho,123,mastercraftpool.com
McConnell Pool LLC,GBP secondary: supply/hot tub store,Maryland,71,mcconnellpool.com
Medallion Pools,GBP secondary: supply/hot tub store,Virginia,116,medallionpools.com
Megatom Pools and Spas,GBP secondary: supply/hot tub store,New York,26,megatompoolsandspas.com
Meier's Outdoor World,GBP secondary: supply/hot tub store,Illinois,47,meiersoutdoorworld.com
Merit Pools,GBP secondary: supply/hot tub store,Connecticut,33,meritpoolsct.com
Merit Pools & Spas,GBP secondary: supply/hot tub store,Maine,40,meritpools.com
Method Pools,GBP secondary: supply/hot tub store,Texas,108,methodpools.com
Metro Pools,GBP secondary: supply/hot tub store,New Jersey,146,metropools.net
Michiana Swimming Pool Company,GBP secondary: supply/hot tub store,Indiana,49,michianapools.com
Mirage Pools & Spas,GBP secondary: supply/hot tub store,Tennessee,28,miragepoolspa.com
Mobley Pool Company,GBP secondary: supply/hot tub store,Texas,24,mobleypools.com
Monster Pool Company llc,GBP secondary: supply/hot tub store,Arizona,77,monsterpoolcompany.com
Montalbano's Pool and Spa,GBP secondary: supply/hot tub store,New York,80,montalbanospools-spas.com
Montalbano's Pool and Spa,GBP secondary: supply/hot tub store,New York,33,montalbanospools-spas.com
Mountain Pools,GBP secondary: supply/hot tub store,New York,48,mountainpools.com
Mr Bill's Pools & Spas,GBP secondary: supply/hot tub store,New York,125,mrbillspoolsny.com
Mr. Pool Enterprises Limited,GBP secondary: supply/hot tub store,New York,21,misterpool.com
Munson's Pool & Spa,GBP secondary: supply/hot tub store,Illinois,117,munsonspoolandspa.com
My Pool And Patio,GBP secondary: supply/hot tub store,Kentucky,37,mypoolandpatio.com
"NVPools, Inc.",GBP secondary: supply/hot tub store,Virginia,28,nvpools.com
National Pools & Spas,GBP secondary: supply/hot tub store,New Jersey,58,nationalpoolsandspas.com
Nationwide Pool,GBP secondary: supply/hot tub store,Nevada,95,nationwidepool.com
Nejame & Sons,GBP secondary: supply/hot tub store,Connecticut,146,mypoolscool.com
Neptune Pools,GBP secondary: supply/hot tub store,Illinois,36,neptunepoolsinc.com
Neptune Pools,GBP secondary: supply/hot tub store,Colorado,27,neptunepools.net
New Wave Pools & Spas Inc,GBP secondary: supply/hot tub store,Nebraska,29,newwavepoolsspas.com
No Limit Pools & Spas,GBP secondary: supply/hot tub store,Arizona,66,nolimitpools.com
Northwest Pool & Spa / Outdoor Elements,GBP secondary: supply/hot tub store,Oregon,30,nwpoolandspa.net
O'Neill and Sons,GBP secondary: supply/hot tub store,Pennsylvania,97,oneill-and-sons.com
Oasis Pools,GBP secondary: supply/hot tub store,Illinois,73,getoasis.com
Oasis Pools Inc,GBP secondary: supply/hot tub store,South Carolina,88,123goswimming.com
Offshore Pools,GBP secondary: supply/hot tub store,New Jersey,85,offshorepools.com
Olympic Pool Co North,GBP secondary: supply/hot tub store,Pennsylvania,111,swimolympic.com
Outdoor Specialists,GBP secondary: supply/hot tub store,Indiana,39,outdoorspecialist219.com
Ozark Pool & Spa,GBP secondary: supply/hot tub store,Missouri,21,ozarkpoolwashington.com
Palmer Pool Sales,GBP secondary: supply/hot tub store,Pennsylvania,21,palmerpoolsales.com
Pamlico Pool Company Inc,GBP secondary: supply/hot tub store,Georgia,93,pamlicopools.com
Paradise Pools & Spas,GBP secondary: supply/hot tub store,Minnesota,45,paradisewillmar.com
Paragon Pools,GBP secondary: supply/hot tub store,Florida,25,paragonpools.com
Parker Pools,GBP secondary: supply/hot tub store,Indiana,23,parkerpoolsandspas.com
Parrot Bay Pools,GBP secondary: supply/hot tub store,Arkansas,28,parrotbaypools.com
Peek Pools & Spas,GBP secondary: supply/hot tub store,Tennessee,54,peekpools.com
Penguin Pools,GBP secondary: supply/hot tub store,Wisconsin,123,penguinpool.com
"Perfect Pool & Spa, Inc.",GBP secondary: supply/hot tub store,California,142,perfectpool-spa.com
Perry Pools and Spas,GBP secondary: supply/hot tub store,Connecticut,73,perrypoolsct.com
Pete Alewine Pool & Spa,GBP secondary: supply/hot tub store,South Carolina,67,petealewinepools.com
Piermarini Pools & Patios Inc,GBP secondary: supply/hot tub store,Massachusetts,25,piermarinipools.com
Pinnacle Pool and More,GBP secondary: supply/hot tub store,Minnesota,20,pinnaclepoolusa.com
Placeway Pools Spas & Patio,GBP secondary: supply/hot tub store,Wisconsin,38,placeway.com
Pleasant Pools & Spas,GBP secondary: supply/hot tub store,Oklahoma,56,pleasantpools.com
Pleasure Pools & Spas,GBP secondary: supply/hot tub store,North Carolina,58,pleasurepoolsandspa.com
"Pleasure Pools, Inc.",GBP secondary: supply/hot tub store,Louisiana,28,pleasurepoolsinc.com
Pool Boss LLC,GBP secondary: supply/hot tub store,Ohio,35,poolbossllc.com
Pool Buddies LLC,GBP secondary: supply/hot tub store,Arizona,38,poolbuddiesllc.net
Pool City Inc,GBP secondary: supply/hot tub store,New Jersey,58,poolcitynj.com
"Pool Concepts by Pete Ordaz, Inc.",GBP secondary: supply/hot tub store,Texas,86,pool-concepts.com
Pool Creations,GBP secondary: supply/hot tub store,Florida,78,poolcreationsfl.com
Pool Masters of Vienna LLC,GBP secondary: supply/hot tub store,West Virginia,75,poolmastersofvienna.com
Pool Pro & Woods' Pools,GBP secondary: supply/hot tub store,Pennsylvania,75,poolpropa.com
Pool Pro of Greenville,GBP secondary: supply/hot tub store,North Carolina,63,greenvillepoolpro.com
Pool Safety Systems,GBP secondary: supply/hot tub store,New Jersey,101,poolsafetysystems.com
Pool Vibes LLC,GBP secondary: supply/hot tub store,Texas,58,pool-vibes.com
Pool World,GBP secondary: supply/hot tub store,New Jersey,122,poolworldnj.com
Pool World - North Spokane,GBP secondary: supply/hot tub store,Washington,145,poolworld.biz
Pool World - Spokane Valley,GBP secondary: supply/hot tub store,Washington,150,poolworld.biz
Pool World Inc,GBP secondary: supply/hot tub store,Pennsylvania,52,poolworldinc.com
Pool and Patio Works,GBP secondary: supply/hot tub store,Florida,46,poolandpatioworks.com
PoolDrs,GBP secondary: supply/hot tub store,South Carolina,129,pooldrs.com
Pools & More,GBP secondary: supply/hot tub store,Texas,68,pools-more.com
Pools & Spas Unlimited of Milford,GBP secondary: supply/hot tub store,Delaware,42,swimdelmarva.com
Pools By Van Brill Inc.,GBP secondary: supply/hot tub store,New Jersey,102,vanbrills.com
Pools Out Back,GBP secondary: supply/hot tub store,Texas,33,outbackpoolandspa.com
Pools Patios and Spas LLC,GBP secondary: supply/hot tub store,North Carolina,113,poolspatiosandspas.com
Pools Plus,GBP secondary: supply/hot tub store,New York,109,mypoolsplus.com
Pools Plus Inc,GBP secondary: supply/hot tub store,Rhode Island,85,poolsplusri.com
Pools Plus Inc.,GBP secondary: supply/hot tub store,New York,92,poolsplusspas.com
Pools Plus of the Carolinas,GBP secondary: supply/hot tub store,South Carolina,71,poolsplus.biz
Poolside Pools & Spas,GBP secondary: supply/hot tub store,Illinois,35,poolsidepoolsandspas.com
Pooltown,GBP secondary: supply/hot tub store,Ohio,32,pooltownbrunswick.com
"Precision Pools and Patios, LLC",GBP secondary: supply/hot tub store,Massachusetts,36,poolconstructioncapecod.com
Preferred Pools of Houston,GBP secondary: supply/hot tub store,Texas,70,preferredpoolsofhouston.com
Prestige Pools,GBP secondary: supply/hot tub store,Minnesota,81,prestigepools.com
Pristine Pool & Spa LLC,GBP secondary: supply/hot tub store,Michigan,132,pristinepoolspa.com
Professional Pool & Spa,GBP secondary: supply/hot tub store,Iowa,61,propoolsspas.com
Quality Pools of Knoxville,GBP secondary: supply/hot tub store,Tennessee,123,qualitypoolsknox.com
Radiant Pool and Spa,GBP secondary: supply/hot tub store,Ohio,41,radiantpoolandspa.com
Raft to Rafters Pool & Spa,GBP secondary: supply/hot tub store,Indiana,132,rafttorafters.com
Renaissance Pools & Spas,GBP secondary: supply/hot tub store,Nevada,99,renaissancepools.com
Rick's Swimming Pools,GBP secondary: supply/hot tub store,Maine,84,ricksswimmingpools.com
Ridge Pools & Outdoor Center,GBP secondary: supply/hot tub store,Pennsylvania,31,ridgepoolsinc.com
Rimrock Pools and Spas,GBP secondary: supply/hot tub store,Colorado,120,rimrockpoolsandspas.com
Rivers Pools & Spas,GBP secondary: supply/hot tub store,Georgia,78,riverspools.com
Riverside Pools and Hardscapes,GBP secondary: supply/hot tub store,North Carolina,41,riversidepoolsnc.com
Robertson Pools,GBP secondary: supply/hot tub store,Texas,46,robertsonpools.com
Rock Creek Pools,GBP secondary: supply/hot tub store,Oklahoma,26,rockcreekpools.com
Royal Pool & Spa,GBP secondary: supply/hot tub store,Minnesota,51,royalpoolandspa.com
S&W Pool and Spas,GBP secondary: supply/hot tub store,Tennessee,147,swpoolandspas.com
Sac Pool Pros,GBP secondary: supply/hot tub store,California,47,sacpoolpros.com
Sand Dollar Pools Inc.,GBP secondary: supply/hot tub store,Texas,42,sanddollarpools.com
Savol Pools,GBP secondary: supply/hot tub store,Connecticut,38,savolpools.com
Sebago Lake Pools,GBP secondary: supply/hot tub store,Maine,27,sebagolakepools.com
Sebesta Pools & Spas,GBP secondary: supply/hot tub store,Wisconsin,48,sebestapools.com
Secard Pools & Spas,GBP secondary: supply/hot tub store,California,146,secardpools.com
Secard Pools & Spas,GBP secondary: supply/hot tub store,California,129,secardpools.com
Secard Pools & Spas,GBP secondary: supply/hot tub store,California,104,secardpools.com
Seven Seas Pools & Spas - Clarion,GBP secondary: supply/hot tub store,Pennsylvania,137,sevenseaspools.com
Sharks Pools,GBP secondary: supply/hot tub store,Michigan,38,sharkspools.com
Sherwood Valley Pools,GBP secondary: supply/hot tub store,Pennsylvania,69,sherwoodvalleypools.com
Shinnecock Pools,GBP secondary: supply/hot tub store,New York,21,shinnecockpools.com
Skovish Pools and Spas,GBP secondary: supply/hot tub store,Pennsylvania,58,skovishpools.com
Smart Pools,GBP secondary: supply/hot tub store,New Jersey,22,smartpoolsnj.com
Smith's Pools & Spas,GBP secondary: supply/hot tub store,Pennsylvania,46,smithspools.net
"Snyder Swimming Pools, Inc.",GBP secondary: supply/hot tub store,Massachusetts,128,snyderpools.com
Sonco Pools & Spas,GBP secondary: supply/hot tub store,Illinois,143,soncopools.com
South Shore Pools Inc,GBP secondary: supply/hot tub store,New York,79,southshorepools.com
Southern Michigan Pool Pros,GBP secondary: supply/hot tub store,Michigan,57,smpoolpros.com
Sparkle Pools Inc.,GBP secondary: supply/hot tub store,Maryland,78,sparklepoolsinc.com
Sparkle Pools Inc.,GBP secondary: supply/hot tub store,Delaware,54,sparklepoolsinc.com
Splash Away Pool & Spa,GBP secondary: supply/hot tub store,Texas,41,splashawaypoolandspa.com
Splash Pool & Spas,GBP secondary: supply/hot tub store,Arizona,74,splashpoolandspas.com
Splash Pools and Spas,GBP secondary: supply/hot tub store,Louisiana,88,splashpoolsandspas.com
Splash Pools and Spas,GBP secondary: supply/hot tub store,Louisiana,61,splashpoolsandspas.com
Splash Zone Pool & Spa,GBP secondary: supply/hot tub store,Wisconsin,25,splashzonepoolandspa.com
Spoelstra Pools,GBP secondary: supply/hot tub store,Michigan,32,spoelstrapools.com
Sprague's Mermaid Pools,GBP secondary: supply/hot tub store,New York,50,spraguesmermaidpools.com
Stone Castle Pools and Spas,GBP secondary: supply/hot tub store,New Jersey,102,stonecastlepools.com
Strawberry Springs Pool & Spa Inc.,GBP secondary: supply/hot tub store,Nebraska,35,strawberrysprings.com
Strawbridge Pools Inc,GBP secondary: supply/hot tub store,Pennsylvania,25,strawbridgepools.com
SummerHaven,GBP secondary: supply/hot tub store,New York,53,summer-haven.com
Summerside Pools,GBP secondary: supply/hot tub store,Kentucky,36,summersidepools.com
Sun Pools Inc.,GBP secondary: supply/hot tub store,Kentucky,28,sunpools.com
SunCity Pools Inc,GBP secondary: supply/hot tub store,Illinois,47,suncitypoolscorp.com
Sunbelt Pools inc.,GBP secondary: supply/hot tub store,Texas,50,sunbeltpools.com
Sunco Pools & Spas,GBP secondary: supply/hot tub store,South Carolina,132,suncopoolsandspas.com
"Sunshine Fun Pools - College Station, TX",GBP secondary: supply/hot tub store,Texas,87,sunshinefunpools.com
Superior Pools & Spas,GBP secondary: supply/hot tub store,Pennsylvania,37,superiorpoolsandspas.com
Surfside Pool Company,GBP secondary: supply/hot tub store,Massachusetts,53,surfsidepoolcompany.com
Surfside Pools,GBP secondary: supply/hot tub store,Massachusetts,50,surfsidepoolcompany.com
Swim Shack Inc.,GBP secondary: supply/hot tub store,Illinois,45,swimshackinc.com
Swimluxe Pools,GBP secondary: supply/hot tub store,Florida,30,swimluxepools.com
"Swimming Pools of Florida, Inc.",GBP secondary: supply/hot tub store,Florida,118,swimmingpoolsofflorida.com
SwingnSplash,GBP secondary: supply/hot tub store,Illinois,40,swingnsplash.com
Syan Pools,GBP secondary: supply/hot tub store,Alabama,47,syanpools.com
Tarson Pools & Spas,GBP secondary: supply/hot tub store,New York,26,tarsonpools.com
Taylor Pools Inc.,GBP secondary: supply/hot tub store,Georgia,74,taylorpoolswayx.com
Tennessee Valley Pool & Spas,GBP secondary: supply/hot tub store,Tennessee,127,tnvalleypools.com
Teri's Pool and Spa,GBP secondary: supply/hot tub store,Idaho,67,superiorpoolsofidaho.com
"Terry Pools, LLC",GBP secondary: supply/hot tub store,Alabama,36,terrypoolsllc.com
The Pool & Spa Place,GBP secondary: supply/hot tub store,New Jersey,39,poolnspaplace.com
The Pool Center,GBP secondary: supply/hot tub store,Illinois,103,thepoolcenter.net
"The Pool Company, Inc.",GBP secondary: supply/hot tub store,Virginia,85,thepoolcompany.net
The Pool People,GBP secondary: supply/hot tub store,Ohio,93,thepoolpeopleofohio.com
"The Pool Place, Inc",GBP secondary: supply/hot tub store,Massachusetts,131,poolplaceeaston.com
"The Swimmin Hole, Inc.",GBP secondary: supply/hot tub store,South Carolina,29,swimminhole.net
Tiki Pool & Spas Inc,GBP secondary: supply/hot tub store,Illinois,73,tikipoolandspas.com
Town and Country Pools,GBP secondary: supply/hot tub store,Indiana,51,townandcountrypools.us
Tri State Pools & Spas,GBP secondary: supply/hot tub store,Alabama,38,tristatepoolsandspasscottsboro.com
Tri-County Unlimited,GBP secondary: supply/hot tub store,Maryland,69,tricountyunlimited.com
Tri-State Pools,GBP secondary: supply/hot tub store,Georgia,124,tristatepools.net
Tropical Pools,GBP secondary: supply/hot tub store,Louisiana,90,tropicalpoolsinc.net
Tubs R Us Pools & Spas,GBP secondary: supply/hot tub store,Iowa,52,tubsruswaterloo.com
USA Pools LLC,GBP secondary: supply/hot tub store,New Jersey,26,usapoolsllc.com
Valley Pool & Spa,GBP secondary: supply/hot tub store,Virginia,72,valleypool.com
Valley Pool & Spa - Staunton,GBP secondary: supply/hot tub store,Virginia,26,valleypool.com
Valley Pools & Spas | Brainerd,GBP secondary: supply/hot tub store,Minnesota,25,valleypools.com
"Valley Pools, Inc.",GBP secondary: supply/hot tub store,Pennsylvania,98,valleypoolsinc.com
Venture Pool Company Inc,GBP secondary: supply/hot tub store,Texas,140,venturepoolco.com
Village Pool & Spa Inc.,GBP secondary: supply/hot tub store,Massachusetts,48,villagepool.net
Vision Pool and Spa,GBP secondary: supply/hot tub store,Tennessee,30,visionpoolandspa.com
Wahoo Pools - Tampa,GBP secondary: supply/hot tub store,Florida,114,wahoopools.com
Waller Pool and Spa,GBP secondary: supply/hot tub store,West Virginia,83,wallerpoolandspa.com
Water Trends,GBP secondary: supply/hot tub store,Illinois,68,shopthegreatescape.com
WaterWorks Pools & Spas,GBP secondary: supply/hot tub store,South Carolina,102,waterworkscompany.com
Watermark Pools,GBP secondary: supply/hot tub store,Ohio,23,watermarkpools.net
Werth Water Works,GBP secondary: supply/hot tub store,Kansas,27,werthwaterworks.com
Wesley's Water World,GBP secondary: supply/hot tub store,South Carolina,84,wesleyswaterworld.com
Wet & Wild Pools and Spas,GBP secondary: supply/hot tub store,Ohio,86,wwspas.com
WhitePine Outdoors,GBP secondary: supply/hot tub store,Rhode Island,27,whitepineoutdoors.com
"Whiten Pools, Inc.",GBP secondary: supply/hot tub store,Georgia,51,whiten-pools.com
Wholesome Pool and Spa,GBP secondary: supply/hot tub store,Connecticut,58,wholesomepoolandspa.com
Willsha Pools,GBP secondary: supply/hot tub store,Texas,23,willshapools.com
Wilson Pools,GBP secondary: supply/hot tub store,Georgia,82,wilsonpools.com
Woodard Pools,GBP secondary: supply/hot tub store,Georgia,52,woodardspools.com
Woods Pools Inc,GBP secondary: supply/hot tub store,Michigan,84,woodspools.com
Worthy Pools & Spas Inc,GBP secondary: supply/hot tub store,Georgia,23,worthypoolsandspas.com
American Pool Southern New Jersey,PE-owned,New Jersey,28,americanpool.com
Classic Pools of Naples,PE-owned,Florida,26,classicpoolsofnaples.com
Continental Pools Massachusetts,PE-owned,Massachusetts,20,continentalpools.com
Continental Pools Southern Virginia,PE-owned,Virginia,148,continentalpools.com
Pearl Pools,PE-owned,North Carolina,108,pearlpools.net
Pearl Pools,PE-owned,Maryland,86,pearlpools.net
Pearl Pools,PE-owned,Florida,33,pearlpools.net
Pearl Pools,PE-owned,Georgia,32,pearlpools.net
Presidential Pools & Spas,PE-owned,Arizona,85,presidentialpools.com
Swim Club Management Group,PE-owned,North Carolina,34,swimclubmanagement.com
Swim Club Management Group Nashville,PE-owned,Tennessee,24,swimclubmanagement.com
"Year Round Pool Co., Inc.",PE-owned,South Carolina,114,yearroundpool.com
AAA Liner Replacements,name: non-builder (fence/cover/liner/water/finish/equipment),Illinois,127,aaaliner.com
ATLANTIC POOL CARE,name: non-builder (fence/cover/liner/water/finish/equipment),Florida,42,atlanticpoolcarefl.com
AZ Aquaman Pool Care and Repair LLC,name: non-builder (fence/cover/liner/water/finish/equipment),Arizona,122,azaquaman.com
Acuafix Pool Solution Inc,name: non-builder (fence/cover/liner/water/finish/equipment),New York,54,acuafixpoolssolutionsinc.com
Allied Aquatics Complete Pool Care,name: non-builder (fence/cover/liner/water/finish/equipment),Texas,112,alliedaquatics.com
Anthony's Water,name: non-builder (fence/cover/liner/water/finish/equipment),Rhode Island,66,anthonyswater.com
Aqua Coat Pool Plastering,name: non-builder (fence/cover/liner/water/finish/equipment),Florida,31,aquacoatpoolplastering.com
Aqua Fill Pool Fill,name: non-builder (fence/cover/liner/water/finish/equipment),Michigan,66,aquafillpoolfill.com
Aqua Logistics Custom Pools,name: non-builder (fence/cover/liner/water/finish/equipment),Texas,42,aqualogisticspool.com
Aqua Net Pool Safety Nets Fences & Covers,name: non-builder (fence/cover/liner/water/finish/equipment),California,44,poolnets.com
Aqua Patrol Pool Service LLC,name: non-builder (fence/cover/liner/water/finish/equipment),Arizona,20,aquapatrol.com
Aquatic Management,name: non-builder (fence/cover/liner/water/finish/equipment),Georgia,64,aquaticms.com
Arturo's Pool Plastering,name: non-builder (fence/cover/liner/water/finish/equipment),Texas,43,arturospoolplastering.com
AsureNet,name: non-builder (fence/cover/liner/water/finish/equipment),Illinois,74,asurenet.com
Atlas Pool Care,name: non-builder (fence/cover/liner/water/finish/equipment),California,22,atlaspoolcare.com
B & T Excavating,name: non-builder (fence/cover/liner/water/finish/equipment),Ohio,50,bandtexcavating.com
"BYART USA - Carport and Pergola Builder, Sunroom, Awning Covers, & Glass System",name: non-builder (fence/cover/liner/water/finish/equipment),Connecticut,21,byartusa.com
Bakersfield Pool Plastering,name: non-builder (fence/cover/liner/water/finish/equipment),California,29,bakersfieldpoolplastering.com
Big Blu Pool Care & Design,name: non-builder (fence/cover/liner/water/finish/equipment),Florida,43,meetbigblu.com
Boswells Pool Plastering | Best Pool Renovation Company - Pool Construction & Pool Tile Installation Services,name: non-builder (fence/cover/liner/water/finish/equipment),South Carolina,66,boswellspoolplastering.com
Brian's Pool Plastering Inc,name: non-builder (fence/cover/liner/water/finish/equipment),California,27,brianspoolplastering.com
CA’s Finest & Quality Pool Plastering,name: non-builder (fence/cover/liner/water/finish/equipment),California,26,cafinestpools.com
CSB Transport - Pool and Spa Bulk Water Delivery,name: non-builder (fence/cover/liner/water/finish/equipment),Ohio,58,csbtransport.com
CT Pool Liner,name: non-builder (fence/cover/liner/water/finish/equipment),Connecticut,36,ctpoolliner.com
Candlewood Management Service Inc,name: non-builder (fence/cover/liner/water/finish/equipment),New Jersey,20,cmspools.com
Cathedral City Pool Resurfacing Pros,name: non-builder (fence/cover/liner/water/finish/equipment),California,38,poolresurfacingcathedralcity.com
Chandler Pool Resurfacing & Plastering,name: non-builder (fence/cover/liner/water/finish/equipment),Arizona,31,poolresurfacingchandler.com
Clarke's Pool Water,name: non-builder (fence/cover/liner/water/finish/equipment),New York,25,clarkespoolwater.net
Clear Choice Pool Fence,name: non-builder (fence/cover/liner/water/finish/equipment),Arizona,98,clearchoicepoolfence.com
Clear Expectations Pool Care,name: non-builder (fence/cover/liner/water/finish/equipment),Texas,20,clearexpectationspoolcare.com
"Clear Solutions Pool Plastering, LLC",name: non-builder (fence/cover/liner/water/finish/equipment),Texas,57,clearsolutionspoolplastering.com
Coastal Pool Care,name: non-builder (fence/cover/liner/water/finish/equipment),Florida,35,coastalpoolcare.net
CoverSafe,name: non-builder (fence/cover/liner/water/finish/equipment),California,68,coversafe.com
CoverSafe,name: non-builder (fence/cover/liner/water/finish/equipment),California,31,coversafe.com
CoverSafe,name: non-builder (fence/cover/liner/water/finish/equipment),New Jersey,24,coversafe.com
CoverSafe,name: non-builder (fence/cover/liner/water/finish/equipment),Connecticut,21,coversafe.com
Coversafe,name: non-builder (fence/cover/liner/water/finish/equipment),Ohio,40,coversafe.com
Coversafe,name: non-builder (fence/cover/liner/water/finish/equipment),Georgia,20,coversafe.com
"Coversafe - Automatic Pool Cover Installation, Maintenance, and Repair",name: non-builder (fence/cover/liner/water/finish/equipment),Maryland,116,coversafe.com
"Coversafe - Automatic Pool Cover Installation, Maintenance, and Repair",name: non-builder (fence/cover/liner/water/finish/equipment),New York,24,coversafe.com
"Coversafe, Inc.",name: non-builder (fence/cover/liner/water/finish/equipment),Delaware,103,coversafe.com
"Coversafe, Inc.",name: non-builder (fence/cover/liner/water/finish/equipment),Arizona,66,coversafe.com
"Coversafe, Inc.",name: non-builder (fence/cover/liner/water/finish/equipment),Michigan,63,coversafe.com
"Coversafe, Inc.",name: non-builder (fence/cover/liner/water/finish/equipment),Indiana,55,coversafe.com
"Coversafe, Inc.",name: non-builder (fence/cover/liner/water/finish/equipment),Maryland,45,coversafe.com
"Coversafe, Inc.",name: non-builder (fence/cover/liner/water/finish/equipment),Wisconsin,39,coversafe.com
"Custom Built Aluminum and Screens, LLC",name: non-builder (fence/cover/liner/water/finish/equipment),Georgia,32,custombuiltscreenrooms.com
Custom Pool & Spa Mechanics,name: non-builder (fence/cover/liner/water/finish/equipment),Florida,105,custompoolmechanics.com
Custom Pool Plastering,name: non-builder (fence/cover/liner/water/finish/equipment),Texas,22,custompoolplastering.com
Dallas Pool Resurfacing & Plastering,name: non-builder (fence/cover/liner/water/finish/equipment),Texas,48,poolresurfacingdallastx.com
Dalton Water Company,name: non-builder (fence/cover/liner/water/finish/equipment),Massachusetts,42,daltonwater.com
Don Marcum's Pool Care,name: non-builder (fence/cover/liner/water/finish/equipment),Ohio,81,donmarcumspoolcare.net
Eco-Cool,name: non-builder (fence/cover/liner/water/finish/equipment),Maryland,97,ecocoolhvac.com
EndlessTM Pools Factory Showroom,name: non-builder (fence/cover/liner/water/finish/equipment),Pennsylvania,94,endlesspools.com
"Evolution Pool Liners, LLC",name: non-builder (fence/cover/liner/water/finish/equipment),New Jersey,107,evolutionpoolliners.com
Extreme Pool Care LLC,name: non-builder (fence/cover/liner/water/finish/equipment),Oklahoma,33,extremepoolcarellc.com
Factory Direct Liners Home of Spartan Pool Supplies,name: non-builder (fence/cover/liner/water/finish/equipment),Georgia,47,linerfactory.com
"Fix-A-Pool,LLC.",name: non-builder (fence/cover/liner/water/finish/equipment),Nevada,54,fixapool.com
Fleet Water Delivery,name: non-builder (fence/cover/liner/water/finish/equipment),Rhode Island,105,fleetwaterdelivery.com
Florida Plastering & Pool Remodeling,name: non-builder (fence/cover/liner/water/finish/equipment),Florida,88,floridapoolplastering.com
Fortin Pool Water,name: non-builder (fence/cover/liner/water/finish/equipment),New Hampshire,59,poolwaternh.com
Fox Pool Management,name: non-builder (fence/cover/liner/water/finish/equipment),Pennsylvania,110,foxpoolmanagement.com
Franklin Springs Pool Water Delivery,name: non-builder (fence/cover/liner/water/finish/equipment),Massachusetts,26,franklinsprings.net
"Great Lakes Automatic Pool Covers - A CoverSafe Company - Installation, Repairs, and Maintenance",name: non-builder (fence/cover/liner/water/finish/equipment),Michigan,113,coversafe.com
Great Lakes Pleasure Pools Management,name: non-builder (fence/cover/liner/water/finish/equipment),Michigan,35,greatlakespleasurepoolsmanagement.com
Greater Houston Pool Management,name: non-builder (fence/cover/liner/water/finish/equipment),Texas,20,greaterhoustonpool.com
H2O Express - Bulk Water Delivery,name: non-builder (fence/cover/liner/water/finish/equipment),Illinois,95,h2oexpressllc.com
"Heritage Pool Plastering, Inc.",name: non-builder (fence/cover/liner/water/finish/equipment),Nevada,34,heritagepoolplasteringnv.com
Hightide Pool Care,name: non-builder (fence/cover/liner/water/finish/equipment),Arizona,46,hightidepoolcare.com
Infinite Pool Finishes - Pool Resurfacing & Renovation,name: non-builder (fence/cover/liner/water/finish/equipment),Florida,76,infinitepoolfinishes.com
Irish Springs Pool Water LLC,name: non-builder (fence/cover/liner/water/finish/equipment),Connecticut,21,sse-inc.net
JB Pool Plastering,name: non-builder (fence/cover/liner/water/finish/equipment),California,106,jbpoolplasteringcorp.com
"JR Pool Plastering & Texas Gunite, LTD.",name: non-builder (fence/cover/liner/water/finish/equipment),Texas,115,jrpoolplastering.com
"JR Pool Plastering & Texas Gunite, LTD.",name: non-builder (fence/cover/liner/water/finish/equipment),Texas,28,jrpoolplastering.com
Johnson Pool & Deck Resurfacing Inc.,name: non-builder (fence/cover/liner/water/finish/equipment),Florida,86,johnsonpoolanddeck.com
Juarez Excavating & Fiberglass pools,name: non-builder (fence/cover/liner/water/finish/equipment),Iowa,28,juarezfiberglasspools.com
"Just Jump In Pool Care, LLC",name: non-builder (fence/cover/liner/water/finish/equipment),Pennsylvania,59,justjumpinpoolcare.com
Kayak Pool Corporation,name: non-builder (fence/cover/liner/water/finish/equipment),New York,118,kayakpools.com
Kiddie Guard,name: non-builder (fence/cover/liner/water/finish/equipment),Florida,40,kiddieguardfl.com
Lagoon Pool Plastering,name: non-builder (fence/cover/liner/water/finish/equipment),Texas,33,lagoonpoolplastering.com
Las Vegas Pool Resurfacing & Plastering,name: non-builder (fence/cover/liner/water/finish/equipment),Nevada,37,poolresurfacinglasvegasnv.com
Latham Pool Products,name: non-builder (fence/cover/liner/water/finish/equipment),Georgia,21,lathampool.com
"Latham Pool Products, Inc",name: non-builder (fence/cover/liner/water/finish/equipment),New York,53,lathampool.com
"Latshaw Water Delivery, LLC",name: non-builder (fence/cover/liner/water/finish/equipment),Pennsylvania,58,latshawwaterdelivery.com
Lifeguard Pool Service,name: non-builder (fence/cover/liner/water/finish/equipment),California,120,lifeguardpoolservice.com
Liner Guys,name: non-builder (fence/cover/liner/water/finish/equipment),Indiana,26,linerguys.net
Long Island Pool Covers,name: non-builder (fence/cover/liner/water/finish/equipment),New York,109,longislandpoolcover.com
Lucky Stone Logistics,name: non-builder (fence/cover/liner/water/finish/equipment),Ohio,107,luckystonelogistics.com
"M. Preciado Pool Plastering, Inc.",name: non-builder (fence/cover/liner/water/finish/equipment),California,28,mppoolfinish.com
MAC Custom Pools & Aluminum,name: non-builder (fence/cover/liner/water/finish/equipment),Florida,26,macpools.net
MMG Arizona Pool Plastering,name: non-builder (fence/cover/liner/water/finish/equipment),Arizona,73,mmgarizona.com
Mako Pool Restorations LLC,name: non-builder (fence/cover/liner/water/finish/equipment),Texas,74,makopoolrestorations.com
"Mark's Water Delivery, LLC",name: non-builder (fence/cover/liner/water/finish/equipment),West Virginia,47,bulkwaterhaulingcompanies.com
Meadows Pool Plastering,name: non-builder (fence/cover/liner/water/finish/equipment),Arizona,21,mmgarizona.com
Meechs Beaches,name: non-builder (fence/cover/liner/water/finish/equipment),Illinois,51,meechsbeaches.net
Mercury Pool Plastering,name: non-builder (fence/cover/liner/water/finish/equipment),Arizona,93,mercurypool.com
Midwest Pool Management,name: non-builder (fence/cover/liner/water/finish/equipment),Missouri,55,midwestpool.com
Millennial Pool Management,name: non-builder (fence/cover/liner/water/finish/equipment),New Jersey,52,millennialpools.com
Millennium Pool Management LLC – Swimming Pool Management,name: non-builder (fence/cover/liner/water/finish/equipment),Virginia,20,mpmpools.com
My Green Contractors,name: non-builder (fence/cover/liner/water/finish/equipment),New Mexico,81,mygreencontractors.net
Nautix Lifeguards & Maintenance LLC,name: non-builder (fence/cover/liner/water/finish/equipment),Georgia,34,nautixpools.com
New Jersey Pool Management,name: non-builder (fence/cover/liner/water/finish/equipment),New Jersey,31,newjerseypoolmanagement.com
Niagara Pool Filling & Water Delivery,name: non-builder (fence/cover/liner/water/finish/equipment),Rhode Island,131,niagarapoolfilling.com
North Star Pools Plastering,name: non-builder (fence/cover/liner/water/finish/equipment),California,38,north-star-pools.com
Northern Pool Restoration,name: non-builder (fence/cover/liner/water/finish/equipment),Minnesota,36,northernpoolrestoration.com
Oasis Pool Water,name: non-builder (fence/cover/liner/water/finish/equipment),Illinois,43,oasispoolwater.com
Ohio Pool Restoration,name: non-builder (fence/cover/liner/water/finish/equipment),Ohio,122,ohiopoolrestoration.com
Padgett's Pool Plastering Inc,name: non-builder (fence/cover/liner/water/finish/equipment),Florida,28,pppgnv.com
"Pebble Pros, LLC",name: non-builder (fence/cover/liner/water/finish/equipment),Florida,51,pebblepros.com
Pennco Automatic Pool Covers,name: non-builder (fence/cover/liner/water/finish/equipment),Pennsylvania,52,penncoautomaticpoolcovers.com
Pima Pool Plastering LLC,name: non-builder (fence/cover/liner/water/finish/equipment),Arizona,85,pimapools.com
Plano Pool Resurfacing,name: non-builder (fence/cover/liner/water/finish/equipment),Texas,38,poolresurfacingplano.com
Platinum Pool Care LLC,name: non-builder (fence/cover/liner/water/finish/equipment),Arizona,48,platinumpoolcareaz.com
Platinum Pool Care LLC,name: non-builder (fence/cover/liner/water/finish/equipment),Arizona,44,platinumpoolcareaz.com
Pool Duck Swimming pool & Spa,name: non-builder (fence/cover/liner/water/finish/equipment),Illinois,53,poolduckliners.com
Pool Leaf and Safety Covers,name: non-builder (fence/cover/liner/water/finish/equipment),Texas,27,poolleafandsafetycovers.com
Pool Operation Management,name: non-builder (fence/cover/liner/water/finish/equipment),New Jersey,28,pooloperationmanagement.com
Pool Patrol Pros,name: non-builder (fence/cover/liner/water/finish/equipment),Pennsylvania,35,poolpatrolpros.com
Pool Water Delivery CT - The Water Drop,name: non-builder (fence/cover/liner/water/finish/equipment),Connecticut,21,thewaterdrop.net
Pool Water Pat,name: non-builder (fence/cover/liner/water/finish/equipment),Connecticut,103,poolwaterpat.net
"Pool Water Recycling, LLC",name: non-builder (fence/cover/liner/water/finish/equipment),Arizona,75,poolwaterrecycling.net
Pool-Tech Vinyl Liners,name: non-builder (fence/cover/liner/water/finish/equipment),Missouri,23,pooltech.online
Poolcotec Inc. | Automatic Slatted Pool Covers,name: non-builder (fence/cover/liner/water/finish/equipment),New Jersey,31,poolcotec.com
Pools Finishing inc,name: non-builder (fence/cover/liner/water/finish/equipment),Florida,62,poolsfinishinginc.com
"Poolside Plastering, Inc.",name: non-builder (fence/cover/liner/water/finish/equipment),Pennsylvania,111,poolsideplastering.com
Poolside Renos,name: non-builder (fence/cover/liner/water/finish/equipment),Florida,82,poolsiderenos.com
Precision Pool Restoration,name: non-builder (fence/cover/liner/water/finish/equipment),Texas,40,precisionpoolrestoration.com
Precision Pool Restoration,name: non-builder (fence/cover/liner/water/finish/equipment),Texas,20,precisionpoolrestoration.com
Premier Pool Management Inc,name: non-builder (fence/cover/liner/water/finish/equipment),Maryland,52,premierswim.com
Premier Pool Plastering,name: non-builder (fence/cover/liner/water/finish/equipment),California,28,premierpoolplastering.com
Pro Hydro Blasters,name: non-builder (fence/cover/liner/water/finish/equipment),Florida,76,prohydroblasters.com
"Radiant Pool Plastering & Remodeling, LLC",name: non-builder (fence/cover/liner/water/finish/equipment),Texas,33,radiantpoolplastering.com
Reyes Pool Plastering,name: non-builder (fence/cover/liner/water/finish/equipment),California,28,reyespoolplastering.com
Robert Button Trucking,name: non-builder (fence/cover/liner/water/finish/equipment),Maryland,25,robertbuttontrucking.com
Ron L Aluminum,name: non-builder (fence/cover/liner/water/finish/equipment),Florida,53,ronlaluminum.com
Ronny Snows Pool Patrol,name: non-builder (fence/cover/liner/water/finish/equipment),Florida,105,rspoolpatrol.com
San Jose Pool Resurfacing & Plastering,name: non-builder (fence/cover/liner/water/finish/equipment),California,39,poolresurfacingsanjose.com
Schilli Plastering Co.,name: non-builder (fence/cover/liner/water/finish/equipment),Missouri,34,schilliplastering.com
Scottsdale Pool Resurfacing,name: non-builder (fence/cover/liner/water/finish/equipment),Arizona,24,poolresurfacingscottsdale.com
Sears Pool Management Consultants,name: non-builder (fence/cover/liner/water/finish/equipment),Georgia,76,searspool.com
"Shepard Enterprise Trucking, Inc",name: non-builder (fence/cover/liner/water/finish/equipment),New York,101,sheptrucking.com
Siesta Pebble Inc,name: non-builder (fence/cover/liner/water/finish/equipment),Florida,80,siestapebble.com
"Signature Pool Management, LLC",name: non-builder (fence/cover/liner/water/finish/equipment),Virginia,26,signaturepoolmanagement.com
Sims Pool Upgrades LLC,name: non-builder (fence/cover/liner/water/finish/equipment),Florida,40,simspoolupgradesllc.com
Speck USA,name: non-builder (fence/cover/liner/water/finish/equipment),Iowa,62,speckusa.com
Splash & go pool water delivery. Servicing a 25 mile radius from Stafford springs Connecticut,name: non-builder (fence/cover/liner/water/finish/equipment),Massachusetts,36,splash-gopoolwaterdelivery.com
Spokane Pool Covers,name: non-builder (fence/cover/liner/water/finish/equipment),Washington,32,spokanepoolcovers.com
"Steele Blades, Inc",name: non-builder (fence/cover/liner/water/finish/equipment),Kentucky,41,steeleblades.com
Stewart Pool Plastering,name: non-builder (fence/cover/liner/water/finish/equipment),Arizona,76,stewartspool.com
Stock Tank Life,name: non-builder (fence/cover/liner/water/finish/equipment),Georgia,89,stocktanklife.com
Stock Tank Love,name: non-builder (fence/cover/liner/water/finish/equipment),Texas,76,stocktanklove.com
Stock Tank Love - Florida,name: non-builder (fence/cover/liner/water/finish/equipment),Florida,23,stocktanklove.com
"Straight Line Aluminum Construction, LLC",name: non-builder (fence/cover/liner/water/finish/equipment),Florida,24,straightlinealuminum.com
Suffolk Liner Corporation,name: non-builder (fence/cover/liner/water/finish/equipment),New York,130,suffolkliner.com
"Sunset Pool Management, Inc.",name: non-builder (fence/cover/liner/water/finish/equipment),Virginia,75,sunsetpool.org
Superior Pool Plastering,name: non-builder (fence/cover/liner/water/finish/equipment),Arizona,69,superiorpoolplastering.com
Superior Surfacing,name: non-builder (fence/cover/liner/water/finish/equipment),Florida,119,superiorsurfacing.com
"Sweeney's Pool Service | Pool Builder, Liner Installs & Service / Repairs",name: non-builder (fence/cover/liner/water/finish/equipment),New York,56,sweeneyspoolsvc.com
Swims & Sweeps Inc,name: non-builder (fence/cover/liner/water/finish/equipment),Kansas,76,swimsandsweeps.com
Tampa Bay Baby Barrier Pool Fence Co.,name: non-builder (fence/cover/liner/water/finish/equipment),Florida,33,babybarrier.com
The Liner Specialists Inc.,name: non-builder (fence/cover/liner/water/finish/equipment),New York,63,thelinerspecialistsny.com
The Pool and Spa Experts,name: non-builder (fence/cover/liner/water/finish/equipment),Colorado,73,poolandspaexperts.com
Toddler Barrier Pool Safety Fence,name: non-builder (fence/cover/liner/water/finish/equipment),Florida,24,toddlerbarrier.net
Toscano Pool Plastering,name: non-builder (fence/cover/liner/water/finish/equipment),Texas,44,pasadenapoolplastering.com
Total Pool Care,name: non-builder (fence/cover/liner/water/finish/equipment),New York,23,totalpoolcareli.com
Total Pool Care of Miami,name: non-builder (fence/cover/liner/water/finish/equipment),Florida,28,welovemiamipools.com
Townsend Company and Sons - Pool Water Delivery,name: non-builder (fence/cover/liner/water/finish/equipment),Virginia,35,townsendcompanyandsons.com
Upstate Pool Management Group,name: non-builder (fence/cover/liner/water/finish/equipment),South Carolina,37,upstatepoolmanagement.com
Water Splash Pool Plastering,name: non-builder (fence/cover/liner/water/finish/equipment),California,21,watersplashpoolplastering.com
1 Pool Spa Services of South Florida,name: service/retail/sub-trade,Florida,24,1poolspaservice.com
A & A Pools & Supplies Inc,name: service/retail/sub-trade,West Virginia,113,aapools.net
A Better Pool and Spa Service,name: service/retail/sub-trade,Florida,135,a-betterpool.com
A Clear Choice Pools LLC,name: service/retail/sub-trade,Florida,22,aclearchoicepools.com
A Pool Services,name: service/retail/sub-trade,Virginia,44,apoolservices.com
A to Z Pool Services LLC,name: service/retail/sub-trade,Maryland,48,a2zpoolservices.com
A&B Full Pool Service,name: service/retail/sub-trade,Pennsylvania,72,fullpoolservice.com
A&R Pool and Spa Supply,name: service/retail/sub-trade,California,47,anrpool.com
A+ Pool Leak Detectives,name: service/retail/sub-trade,Texas,58,apoolleak.com
A-1 Pool & Spa Service,name: service/retail/sub-trade,Oregon,30,a1poolandspaservices.com
A-Grade Pool Services,name: service/retail/sub-trade,Tennessee,30,knoxvillepoolservices.com
ACE Pool Repair & Remodel,name: service/retail/sub-trade,California,116,acepoolrepairs.com
AGS Pool Services,name: service/retail/sub-trade,Tennessee,41,agspools.com
"AQUARIUS POOL & PATIO, LLC",name: service/retail/sub-trade,Pennsylvania,147,aquariuspoolandpatio.com
ARK Leak Detection,name: service/retail/sub-trade,Ohio,116,arkleakdetection.com
AV Pool Pro Service,name: service/retail/sub-trade,California,50,avpoolpro.com
"Aaron's Elite Pool Service, LLC",name: service/retail/sub-trade,Florida,22,aarons-elite.com
Abilene professional pool services,name: service/retail/sub-trade,Texas,56,abilenepropoolservices.com
Accurate Pool Inspection,name: service/retail/sub-trade,Florida,78,accuratepoolcompany.com
Accurate Spa and Pool Service,name: service/retail/sub-trade,Wisconsin,39,accuratespaandpool.com
Ace Pool Service,name: service/retail/sub-trade,New Jersey,76,acepoolservicenj.com
Action Swimming Pool Service,name: service/retail/sub-trade,Colorado,25,actionswimmingpools.com
Adams Pools & Supplies,name: service/retail/sub-trade,Kentucky,41,adamspools.us
Affordable Pool and Spa Services Walker Pools,name: service/retail/sub-trade,Florida,27,affordablepoolandspaservices.com
Alan L. Witte Sales & Service,name: service/retail/sub-trade,Nebraska,35,alanwittesales.com
Albemarle Pool Supply Inc,name: service/retail/sub-trade,North Carolina,90,albemarlepoolsupply.com
Alcamo Supply Corporation,name: service/retail/sub-trade,New York,20,alcamopools.com
Aloha Leisure Co.,name: service/retail/sub-trade,California,53,alohaleisurecompany.com
Always Clear Pools,name: service/retail/sub-trade,California,87,alwaysclearpools.net
America Pools and Renovations,name: service/retail/sub-trade,Texas,41,americapoolsandrenovations.org
"American Pool Service, Inc.",name: service/retail/sub-trade,Maryland,36,americanpoolsrvc.com
Angels Pool Service,name: service/retail/sub-trade,Maryland,28,angelspoolservices.com
Apex Pool Repair & Replaster,name: service/retail/sub-trade,California,53,apexpoolrepairreplaster.homes
Aqua Blue Pool Resurface,name: service/retail/sub-trade,Florida,40,abpoolremodeling.com
"Aqua Clean Services, LLC",name: service/retail/sub-trade,Texas,27,aquacleanservicesllc.com
Aqua Clear Pools LLC,name: service/retail/sub-trade,Texas,53,aquaclearpoolsrgv.com
Aqua Doctor,name: service/retail/sub-trade,New Jersey,56,theaquadoctor.com
Aqua Pool & Patio,name: service/retail/sub-trade,Connecticut,107,aquapool.com
Aqua Pool & Patio Co,name: service/retail/sub-trade,Florida,139,aquapoolandpatio.com
Aqua Renovations,name: service/retail/sub-trade,Pennsylvania,51,aquarenovationspa.com
Aqua Sales and Services,name: service/retail/sub-trade,Kentucky,33,aquasalesandservices.com
Aqua-Duck Water Transport,name: service/retail/sub-trade,Pennsylvania,55,aquaduckwater.com
Aqua-Duck Water Transport,name: service/retail/sub-trade,North Carolina,29,aquaduckwater.com
Aqualand Pool & Patio,name: service/retail/sub-trade,Illinois,24,aqualandpool.com
Aqualina Pool Remodeling Service and Repair,name: service/retail/sub-trade,Florida,43,aqualinapool.com
Aquapro Pool & Chemical Service,name: service/retail/sub-trade,California,34,aquapropool.com
Aquaworks Pool Service & Repair Inc.,name: service/retail/sub-trade,Florida,73,awpools.com
Arizona Pool & Spa Renovations,name: service/retail/sub-trade,Arizona,83,scottsdalepoolrenovations.com
Arizona Pool Guy,name: service/retail/sub-trade,Arizona,20,arizonapoolguy.com
Arizona Pool Remodeling,name: service/retail/sub-trade,Arizona,20,azpoolremodeling.com
Arrow Pool Service,name: service/retail/sub-trade,Pennsylvania,68,arrowpool.com
Asheville Pool & Patio Inc.,name: service/retail/sub-trade,North Carolina,142,ashevillepoolandpatio.com
Atlantis Pool Service,name: service/retail/sub-trade,Florida,52,atlantis-pools.com
Austin's Pool Service,name: service/retail/sub-trade,Pennsylvania,42,austinspoolservice.com
B & C Pool Service and Repairs,name: service/retail/sub-trade,Arizona,20,bcpoolservices.com
Bahama Pool & Patio,name: service/retail/sub-trade,Tennessee,34,bahamapoolandpatio.com
Bailey's Pool & Patio,name: service/retail/sub-trade,Alabama,25,baileyspools.com
Be Nice Pool Services,name: service/retail/sub-trade,Florida,28,benicepools.com
Bennington Pool Services,name: service/retail/sub-trade,Pennsylvania,31,benningtonpoolservices.com
Better Pool Service,name: service/retail/sub-trade,New York,21,better-pool-service.com
Big Wave Pool & Patio,name: service/retail/sub-trade,Georgia,58,bigwavepoolandpatio.com
Billy's Pool Services,name: service/retail/sub-trade,Virginia,75,billyspoolservices.com
Blackburn Tile & Mortar LLC,name: service/retail/sub-trade,Ohio,23,blackburntile.com
"Blockco Pools, Spas, and Service",name: service/retail/sub-trade,Michigan,78,blockco.net
Blu Wtr Pool Renovation and Repair LLC,name: service/retail/sub-trade,Florida,32,bluwtrpools.com
Blue Coast Pool Plaster LLC,name: service/retail/sub-trade,Texas,46,bluecoastpoolplaster.com
Blue Diamond Pool Renovations,name: service/retail/sub-trade,Pennsylvania,50,bluediamondpoolrenovation.com
Blue River Pool Services,name: service/retail/sub-trade,Maryland,40,blueriverpoolservices.com
Blue Splash Pools Remodeling & Leak detection,name: service/retail/sub-trade,California,27,bluesplashpoolservice.com
"Blue Surf Pool Service & Repair, INC",name: service/retail/sub-trade,California,52,bluesurfpoolserviceandrepair.com
Bold Inspections LLC,name: service/retail/sub-trade,New Jersey,86,boldinspectionsllc.com
Boscoe's Pools and Renovations,name: service/retail/sub-trade,Georgia,25,boscoespools.com
Brady’s Pool Services,name: service/retail/sub-trade,Massachusetts,31,bradyspoolservices.com
Braz Masonry ( Pool Renovation),name: service/retail/sub-trade,New Jersey,127,brazmasonry.com
Breeze Pool Services,name: service/retail/sub-trade,California,95,breezepoolservice.com
Brenner Pools & Renovations LLC,name: service/retail/sub-trade,Texas,52,brennerpoolsandrenovations.com
Bruce & Son Water Hauling,name: service/retail/sub-trade,Virginia,48,bruceandson.com
Burnett Pool Services,name: service/retail/sub-trade,Georgia,41,burnettpoolservices.com
"Butcher's Swimming Pool Supply & Service, Inc.",name: service/retail/sub-trade,Texas,68,butcherpools.com
Byrd Pool Service,name: service/retail/sub-trade,Oklahoma,51,byrdpoolservice.com
C&S Pool Services LLC,name: service/retail/sub-trade,Texas,67,candspoolservices.com
"CC Pool Service, Ltd",name: service/retail/sub-trade,Ohio,96,ccpoolbuilders.com
CML Pool & Patio,name: service/retail/sub-trade,Texas,86,cmlpool.com
Cal Sparkle Pool & Spa Services,name: service/retail/sub-trade,California,38,calsparkle.com
Cali Pool Tech,name: service/retail/sub-trade,California,94,calipooltech.com
California Poolman,name: service/retail/sub-trade,California,37,california-poolman.com
"Captain Harry's Hi Tech Pools, Inc.",name: service/retail/sub-trade,Florida,67,hitechpools.net
Cardinal Pool Service,name: service/retail/sub-trade,Arizona,79,cardinalpoolservice.com
Care Free Pools,name: service/retail/sub-trade,Tennessee,60,carefreepoolstn.com
Carolina Pools and Maintenance,name: service/retail/sub-trade,North Carolina,21,carolina-pools.com
"Castaway Pool and Spa Service, LLC",name: service/retail/sub-trade,Florida,92,castawaypoolservice.com
"Celestial Solar & Water Systems, Inc",name: service/retail/sub-trade,California,94,celestialsolar.com
"Celestial Solar & Water Systems, Inc.",name: service/retail/sub-trade,Arizona,115,celestialsolar.com
Century Pool Service,name: service/retail/sub-trade,Florida,26,centurypoolsfl.com
Century Pool Supply Inc,name: service/retail/sub-trade,Tennessee,56,centurypoolsknoxville.com
"Certified Pool Renovations, Llc",name: service/retail/sub-trade,Florida,32,certifiedpoolrenovations.com
Chip and Dip Pool and Spa Service,name: service/retail/sub-trade,Illinois,63,cdpoolsandspas.com
Classic Pool Remodeling DFW LLC,name: service/retail/sub-trade,Texas,20,classicpooldfw.com
Classic Pool Service,name: service/retail/sub-trade,Ohio,34,classicpoolservicecleveland.com
Classic Tile & Plaster Inc,name: service/retail/sub-trade,Texas,81,classictileplaster.com
Clean Cut Brothers,name: service/retail/sub-trade,Texas,39,cleancutbros.com
Clear Choice Pool & Spa Service,name: service/retail/sub-trade,New Jersey,59,clearchoicepoolsnj.com
Clear Choice Pools,name: service/retail/sub-trade,Texas,24,clearchoicepoolstx.net
Clear Edge Pools,name: service/retail/sub-trade,Texas,43,clearedgepools.com
Clear Pools and Spas,name: service/retail/sub-trade,Texas,22,clearpoolsandspas.com
Clear Solutions Pool Services,name: service/retail/sub-trade,Florida,115,clearpoolsofvero.com
Clear Swim Pools,name: service/retail/sub-trade,New York,32,clearswimpools.net
Clear View Pool Services,name: service/retail/sub-trade,Utah,53,clearviewstg.com
Clear Water Pool & Spa,name: service/retail/sub-trade,Wisconsin,33,clearwater.ws
Clear Water Pools,name: service/retail/sub-trade,Georgia,82,clearwaterpoolsatlanta.com
Clear Water Pools,name: service/retail/sub-trade,Pennsylvania,22,clearwaterpoolsh2o.com
Clearwater Pool Service of Hilton Head,name: service/retail/sub-trade,South Carolina,68,clearwaterpoolhhi.com
"Coastline Pool Service, Inc",name: service/retail/sub-trade,Florida,131,google.com
Connecticut Pool and Repair,name: service/retail/sub-trade,Connecticut,33,connecticutpoolandrepair.com
"Countryside Pool Services, LLC",name: service/retail/sub-trade,Virginia,41,countrysidepoolservices.com
"Cristals Pool And Spa Service,llc",name: service/retail/sub-trade,Maryland,36,cristalsservice.com
Crystal Blue Pool Renovation,name: service/retail/sub-trade,New Jersey,50,crystalbluepoolrenovation.com
Crystal Clear Pool & Spas,name: service/retail/sub-trade,North Carolina,91,crystalclearpoolspas.com
Crystal Clear Pool and Spa,name: service/retail/sub-trade,North Carolina,34,crystalclearpoolsnc.com
Crystal Clear Pools,name: service/retail/sub-trade,Pennsylvania,25,ccpools.net
Crystal Clear Pools,name: service/retail/sub-trade,New York,21,swimcrystalclearpools.com
Crystal Clear Pools & Spas,name: service/retail/sub-trade,Texas,131,crystalclearpoolsandspas.com
Crystal Clear Pools & Spas,name: service/retail/sub-trade,Illinois,63,crystalclearpoolsandspas.net
"Crystal Clear Pools, Inc",name: service/retail/sub-trade,Indiana,23,ccpoolsinc.com
D&J The Pool Resurfacers,name: service/retail/sub-trade,Florida,42,dandjthepoolresurfacers.com
DCP Pool Services,name: service/retail/sub-trade,Florida,56,dcppoolservices.com
"Daigle Pool Servicing Co., Inc.",name: service/retail/sub-trade,New Hampshire,99,daigleservicingco.com
Danny Pool Leak Detection & Repair,name: service/retail/sub-trade,Texas,22,dannypoolleakdetection.com
Deca Pools Services & Supply Inc,name: service/retail/sub-trade,Ohio,27,decapoolsinc.com
Del Val Pool Maintenance,name: service/retail/sub-trade,New Jersey,29,del-val.com
Delaware Pool Service,name: service/retail/sub-trade,Delaware,34,delawarepoolservice.com
Desert Pool Tech,name: service/retail/sub-trade,Arizona,121,desertpooltech.com
Desert Springs Group (Pool Remodeling),name: service/retail/sub-trade,Nevada,101,desertspringslandscapingllc.com
Dive In Pool Service Inc,name: service/retail/sub-trade,Connecticut,28,diveinpoolservice.com
Doctor Feelgoodes,name: service/retail/sub-trade,Pennsylvania,144,doctorfeelgoodes.com
Doctor Feelgoode’s,name: service/retail/sub-trade,Pennsylvania,51,doctorfeelgoodes.com
"Dolphin Pool Services, LLC",name: service/retail/sub-trade,Virginia,148,dolphinpooldmv.com
Dolphin Pool Supplies,name: service/retail/sub-trade,Michigan,100,dolphinpoolsuppliesllc.com
"Double Ds Hot tubs, Pools, and more",name: service/retail/sub-trade,Missouri,53,doubledspools.com
Downriver Pool Service,name: service/retail/sub-trade,Michigan,59,downriverpoolservice.com
"Dugger Swimming Pools & Supplies, Inc.",name: service/retail/sub-trade,Illinois,54,duggerpools.com
Dunrite Tile and Coping Inc.,name: service/retail/sub-trade,California,28,dunritetileandcoping.com
EZ Aqua Pool & Patio LLC,name: service/retail/sub-trade,Connecticut,44,ezaqua.com
Edgewater Pool Service Llc,name: service/retail/sub-trade,Florida,40,edgewaterpoolstlh.com
Elite Pool Service,name: service/retail/sub-trade,Oklahoma,60,theelitepool.com
Elite Swimming Pool & Spa Service,name: service/retail/sub-trade,Texas,130,elitesss.com
Expert Pool Services,name: service/retail/sub-trade,Florida,50,expertpoolservicesfl.com
Extreme Pools Renovations,name: service/retail/sub-trade,North Carolina,27,extremepoolsnc.com
Fagnano's Pools Services & Supplies,name: service/retail/sub-trade,Pennsylvania,37,fagnanospools.net
Fast Screening LLC - Pool Enclosures & Patio Screens Florida,name: service/retail/sub-trade,Florida,76,fastscreening.net
Fathom Pools & Services,name: service/retail/sub-trade,Florida,34,fathompools.com
Fenechi Pool Sales & Services,name: service/retail/sub-trade,Pennsylvania,43,fenechipools.com
Finn's Pool Services,name: service/retail/sub-trade,Florida,104,finnspoolservices.com
Five Stars Pools & Remodeling,name: service/retail/sub-trade,Texas,21,yourfivestarpools.com
FixMyPool Pool Service & Repair,name: service/retail/sub-trade,Florida,90,fixmypool.pro
Florida Leak Locators - Spring Hill,name: service/retail/sub-trade,Florida,67,floridaleaklocators.com
"Florida Leak Locators, Inc.",name: service/retail/sub-trade,Florida,28,floridaleaklocators-sw.com
Freedom Waters Pool Remodeling LLC,name: service/retail/sub-trade,Arizona,41,freedomwaterpools.com
"Frog's Pool Renovations, Inc.",name: service/retail/sub-trade,Pennsylvania,45,frogspoolrenovation.com
Fulmer's Water Hauling,name: service/retail/sub-trade,Pennsylvania,28,fulmerswater.com
Gardner Outdoor and Pool Remodeling- El Cajon,name: service/retail/sub-trade,California,61,gardnerremodel.com
Gary Pools & Leisure,name: service/retail/sub-trade,New York,130,garysgotit.com
Gary Pools & Leisure,name: service/retail/sub-trade,New York,44,garysgotit.com
Geneva Pool Service & Retail Store,name: service/retail/sub-trade,Illinois,67,genevapoolservicellc.com
"Gold Standard Pool Renovations, LLC",name: service/retail/sub-trade,Florida,46,goldstandardpools.com
Gordon's Pool & Spa Service,name: service/retail/sub-trade,Florida,35,gordonspoolandspafl.com
"Great Atlantic Hot Tubs, Swim Spas & Saunas",name: service/retail/sub-trade,Virginia,27,greatatlanticinc.com
Greenville Pool & Supply,name: service/retail/sub-trade,North Carolina,69,greenvillepool.com
Gulf Coast Pool Guys,name: service/retail/sub-trade,Alabama,40,gulfcoastpoolguys.com
H&H Tile & Plaster of Austin Ltd,name: service/retail/sub-trade,Texas,99,handhtileandplaster.com
H2O Express Transport,name: service/retail/sub-trade,New York,22,h2oexpress.co
Hawkins Pool Service Inc.,name: service/retail/sub-trade,California,26,hawkinspoolservice.com
"Henderson Pool Service, Inc",name: service/retail/sub-trade,Florida,24,hendersonpoolservices.com
Hialeah Pool Services Corporation,name: service/retail/sub-trade,Florida,28,aquaticsconnect.com
Hice's Pool & Spa Service,name: service/retail/sub-trade,Tennessee,40,hicespool.com
High Tide Pool Service,name: service/retail/sub-trade,Texas,107,hightidepoolservice.com
High-Tech Pools,name: service/retail/sub-trade,Ohio,93,hightechpools.com
Hillsborough Pool Service LLC,name: service/retail/sub-trade,Florida,20,hillsboroughpoolservice.com
Hot Tub Brokers LLC,name: service/retail/sub-trade,Nebraska,20,hottubbrokers.com
Hot Tub Central,name: service/retail/sub-trade,New Jersey,62,hottubcentralnj.com
Hudson Water Transport,name: service/retail/sub-trade,Massachusetts,29,hudsonwatertransport.com
Hydro Pools & Water Hauling,name: service/retail/sub-trade,Virginia,22,hydrowaterserviceva.com
Indian Head Water Transportation,name: service/retail/sub-trade,Massachusetts,30,indianheadwater.com
Island Pool Service,name: service/retail/sub-trade,Pennsylvania,26,islandpoolofpa.com
J B Pool Services,name: service/retail/sub-trade,New York,34,jbswimmingpools.com
J&J Services Swimming Pools and Billiards Inc.,name: service/retail/sub-trade,Delaware,50,jandjserv.com
JB Pools Hot Tubs & Saunas,name: service/retail/sub-trade,Iowa,24,jbpoolsandhottubs.com
"JKB POOLS RENOVATIONS AND REPAIR, INC.",name: service/retail/sub-trade,Georgia,30,jkbpools.com
JPS Pool & Spa (Julio's Pool Service LLC),name: service/retail/sub-trade,California,52,jpscv.com
JTS Pool Services,name: service/retail/sub-trade,Florida,64,jtspool.com
Jay Jay's Pool Services,name: service/retail/sub-trade,Massachusetts,31,jayjayspools.com
Jersey Pools and Spas / Extreme Ski Shop,name: service/retail/sub-trade,New Jersey,107,jerseypoolsandspas.com
"Kanev Pool Services, Inc",name: service/retail/sub-trade,New York,26,kanevpools.com
King's Pool & Spa Services,name: service/retail/sub-trade,North Carolina,29,kingspoolandspaservice.com
"Kingz Pool Services, LLC",name: service/retail/sub-trade,Texas,28,kingzpoolservices.com
Knockout Pool and Spa Care LLC,name: service/retail/sub-trade,Florida,24,knockoutpoolspa.com
Kristi's Pool Service,name: service/retail/sub-trade,Florida,99,kristispoolservice.com
LA Leak Detection of New Orleans,name: service/retail/sub-trade,Louisiana,93,laleakpoolandspa.com
LB Pool Services LLC,name: service/retail/sub-trade,Texas,107,lbpoolservices.com
LELIS POOLS & RENOVATIONS,name: service/retail/sub-trade,Florida,101,lelispools.com
Leak Detection Pros,name: service/retail/sub-trade,Oklahoma,26,leakdetectionok.com
Leak Locators East Coast,name: service/retail/sub-trade,North Carolina,23,leaklocatorseastcoast.com
Leak Squad,name: service/retail/sub-trade,North Carolina,40,leaksquad.com
Leisure Contracting LLC,name: service/retail/sub-trade,Maryland,82,leisurecontracting.com
Leisure Craft Pools,name: service/retail/sub-trade,New York,32,leisurecraftpools.com
Leisure King Pools,name: service/retail/sub-trade,Florida,24,kayakpoolguys.com
Leisure Pools & Spas By Ronda,name: service/retail/sub-trade,Pennsylvania,27,leisurepoolsandspasbyronda.com
Leisure Pools Beaufort,name: service/retail/sub-trade,South Carolina,46,leisurepoolsbeaufort.com
Leisure Pools Bloomington,name: service/retail/sub-trade,Illinois,132,leisurepoolsbloomington.com
Leisure Pools Northwest Ohio By Elite Pools,name: service/retail/sub-trade,Ohio,55,elitepoolsnspas.com
Leisure Pools USA,name: service/retail/sub-trade,Tennessee,62,leisurepoolsusa.com
Leisure Tech,name: service/retail/sub-trade,New York,44,leisuretechny.com
Leisure Times,name: service/retail/sub-trade,Illinois,29,leisuretimesfun.com
Les Wade Interior Pool Services,name: service/retail/sub-trade,Florida,37,leswadepools.com
Lilly Pool And Spa Service,name: service/retail/sub-trade,Pennsylvania,43,lillypools.com
Long Island Swim-Pool Service,name: service/retail/sub-trade,New York,80,longislandswim.com
MacKillop Home Services LLC,name: service/retail/sub-trade,Rhode Island,29,mackillop.services
Majestic Pool Service,name: service/retail/sub-trade,New York,74,majesticpoolinc.com
Mansfield Local Pool Maintenance,name: service/retail/sub-trade,Texas,62,mansfieldpoolmaintenance.com
Manta Pool Service,name: service/retail/sub-trade,Pennsylvania,35,mantapools.com
Marin Pool Renovators,name: service/retail/sub-trade,California,30,marinpoolrenovators.com
Marine Blue Pool Service & Repair,name: service/retail/sub-trade,Texas,35,marinebluepoolservice.com
Master Pool Services,name: service/retail/sub-trade,Florida,52,masterpoolservices.com
Mayfair Pools & Supplies Inc,name: service/retail/sub-trade,Ohio,39,mayfairpoolsandsupplies.com
Mc Ritchie Water Hauling,name: service/retail/sub-trade,Ohio,51,mcritchiewaterhauling.com
"Mer-Man Swimming Pool Services, LLC.",name: service/retail/sub-trade,Pennsylvania,52,mermanpoolservices.com
Merced Pools Inc & Merced Pools Service and Repairs,name: service/retail/sub-trade,California,34,mercedpools.com
Metropolitan Pool Services LLC,name: service/retail/sub-trade,Maryland,22,metropolitanpoolservice.com
"Mid-America Pool Renovation, Inc.",name: service/retail/sub-trade,Missouri,41,poolrenovation.com
Modern Pools Service LLC,name: service/retail/sub-trade,Nevada,94,lvmodernpools.com
Moloney Pool Service,name: service/retail/sub-trade,New York,29,moloneypoolservice.com
Montano Tile & Coping,name: service/retail/sub-trade,Pennsylvania,20,montanotilecoping.com
Morton Pool Solutions / Renovations,name: service/retail/sub-trade,Texas,103,mortonpoolsolutions.com
Mud Slingers Pool & Patio,name: service/retail/sub-trade,Indiana,67,mudslingersinc.com
Munie Leisure Center,name: service/retail/sub-trade,Illinois,134,munieleisure.com
My Pool Guys,name: service/retail/sub-trade,Pennsylvania,84,eriepoolguys.com
"My Pool Repairs, LLC",name: service/retail/sub-trade,Florida,66,clermontpoolresurfacing.com
N & L Remodeling,name: service/retail/sub-trade,California,78,nl-remodeling.com
New Orleans Pool & Patio,name: service/retail/sub-trade,Louisiana,53,neworleanspoolandpatio.com
Nick the Pool Guy LLC,name: service/retail/sub-trade,Ohio,118,nickthepoolguy.com
NuWave Pools: Dayton's Pool Service,name: service/retail/sub-trade,Ohio,81,nuwavepoolsohio.com
Oasis Pool Service,name: service/retail/sub-trade,New Jersey,57,oasispoolservicellc.com
"Ohana Pools, Spas & Billiards",name: service/retail/sub-trade,Illinois,131,ohana-pools-spas.com
Oscars Pool Service,name: service/retail/sub-trade,Michigan,60,oscarspoolservices.com
Outside In Leisure Products,name: service/retail/sub-trade,South Carolina,139,outsideinleisure.com
POOLGUYZ,name: service/retail/sub-trade,Michigan,97,poolguyz.com
Papas Pool Services,name: service/retail/sub-trade,Texas,23,papaspool.services
Paradise Pool Services & Supply Inc,name: service/retail/sub-trade,New Jersey,21,paradisepoolsinc.net
"Perfect Pools Leisure Center, inc.",name: service/retail/sub-trade,Pennsylvania,107,perfectpools.com
Peter's Pool Service,name: service/retail/sub-trade,New Jersey,87,peterspoolservice.com
Picture Perfect Pool Services Inc,name: service/retail/sub-trade,California,76,pppsinc.com
Pinks Pool Service & Repair,name: service/retail/sub-trade,California,21,pinkspoolservice.com
Pisces Pool & Spa Service,name: service/retail/sub-trade,New Jersey,43,piscespoolservice.com
Plano Pool Service,name: service/retail/sub-trade,Texas,60,plano-poolservice.net
Pomona Pool Repair & Replaster,name: service/retail/sub-trade,California,45,pomonapoolrepairreplaster.homes
Pool & Patio,name: service/retail/sub-trade,Michigan,75,poolandpatioofjackson.com
Pool & Patio Pros,name: service/retail/sub-trade,Arizona,48,poolandpatiopros.com
Pool & Spa Depot LLC,name: service/retail/sub-trade,Michigan,57,thepoolandspadepot.com
Pool & Spa Doctors – by Home Services of White Lake,name: service/retail/sub-trade,Michigan,26,poolandspadoctors.com
Pool & Spa Outlet - Warehouse,name: service/retail/sub-trade,Pennsylvania,25,pool-spaoutlet.com
Pool Doctor of the Palm Beaches,name: service/retail/sub-trade,Florida,89,poolspalmbeaches.com
Pool Doctors,name: service/retail/sub-trade,Alabama,55,mypooldoctors.com
Pool Queen Services,name: service/retail/sub-trade,Texas,24,poolqueenservicestx.com
Pool Renovations By Alan,name: service/retail/sub-trade,Texas,43,poolrenovationsbyalan.com
Pool Repair & Replaster,name: service/retail/sub-trade,California,122,poolrepairreplaster.homes
Pool Repair & Replaster CA,name: service/retail/sub-trade,California,67,poolrepairreplasterca.homes
Pool Repair & Replaster California,name: service/retail/sub-trade,California,56,poolrepairreplastercalifornia.homes
Pool Repair & Replaster Torrance,name: service/retail/sub-trade,California,45,poolrepairreplastertorrance.homes
Pool Service Unlimited,name: service/retail/sub-trade,Ohio,73,poolserviceunlimited.net
Pool Store,name: service/retail/sub-trade,Georgia,88,thepoolstoreofrome.com
Pool Store Of The Pines,name: service/retail/sub-trade,North Carolina,33,poolstoreofthepines.com
Pool Tech,name: service/retail/sub-trade,Maryland,122,pooltechsplash.com
Pool Tech,name: service/retail/sub-trade,Maine,46,pooltech.biz
"Pool Works Service, LLC",name: service/retail/sub-trade,Mississippi,23,poolworksservicesllc.com
"Pool and Spa Enclosures, LLC",name: service/retail/sub-trade,New Jersey,40,sunrooms-enclosures.com
Poolman Pools of East Windsor,name: service/retail/sub-trade,Connecticut,45,poolmanpools.com
Poolside Water Hauling,name: service/retail/sub-trade,Ohio,64,poolsidewaterhauling.com
Poseidon Pool Supply,name: service/retail/sub-trade,Texas,84,poseidonpoolsupply.com
Premier Pool Renovations,name: service/retail/sub-trade,Pennsylvania,38,premierrenovations.com
"Pride Pools, Spas & Leisure Products Inc.",name: service/retail/sub-trade,Georgia,73,pridepools.com
Pristine Pools of Ok (Not affiliated with Pristine Pools Service),name: service/retail/sub-trade,Oklahoma,87,pristinepoolsok.com
Probuilt Pool & Patio,name: service/retail/sub-trade,Missouri,106,probuiltpatio.com
Professional Pool Services LLC,name: service/retail/sub-trade,Tennessee,20,propoolservicellc.com
Professional Pool Services of Central Florida,name: service/retail/sub-trade,Florida,23,heypoolman.com
Pure Water Pool Services,name: service/retail/sub-trade,California,21,purewaterpoolsfresno.com
Pyramid Pool Monitoring Services,name: service/retail/sub-trade,Georgia,26,mypyramidinc.com
Pyramid Pool Services,name: service/retail/sub-trade,Florida,131,pyramidpoolservices.com
Quality Pool Service,name: service/retail/sub-trade,Tennessee,22,qualitypoolservicetn.com
R & R Everclear Pool Services,name: service/retail/sub-trade,Arizona,61,rreverclear.com
"Rafael's Pool Service, Inc.",name: service/retail/sub-trade,New York,64,rafaelspoolservice.com
Ramapo Valley Pool Services and Christmas Shoppe,name: service/retail/sub-trade,New Jersey,32,ramapovalleypool.com
Rand's Transport,name: service/retail/sub-trade,Maryland,80,randstransport.com
"Razo's Pool Service, LLC",name: service/retail/sub-trade,Texas,40,razospoolservice.com
Redondo Beach Pool Repair & Replaster,name: service/retail/sub-trade,California,50,redondobeachpoolrepairreplaster.homes
Reed's Swimming Pool Services,name: service/retail/sub-trade,Florida,42,reedspools.com
Reflections Pool Services,name: service/retail/sub-trade,Missouri,49,reflectionspoolservices.com
Regalado Professional Services LLC,name: service/retail/sub-trade,Georgia,26,regaladoproservices.com
"Reliable Pool Service, LLC",name: service/retail/sub-trade,Oklahoma,38,reliablepoolserviceok.com
Remodel Your Pool,name: service/retail/sub-trade,Arizona,47,remodelyourpoolaz.com
Remodel Your Vibe,name: service/retail/sub-trade,California,22,remodelyourvibe.com
Renovations by Pools N More,name: service/retail/sub-trade,Florida,58,pools-n-more.com
Reyes Tile & Coping,name: service/retail/sub-trade,Texas,26,reyestileandcoping.com
Reynolds Pool & Spa Service LLC,name: service/retail/sub-trade,Ohio,20,reynoldspoolandspa.com
Rivas Pool Plaster LLC,name: service/retail/sub-trade,Pennsylvania,22,rivaspoolsplasterllc.com
Roadrunner Pool Services,name: service/retail/sub-trade,California,44,roadrunnerpools.com
Rose Pool & Patio,name: service/retail/sub-trade,Pennsylvania,28,rosepoolnpatio.com
Routh Water Service,name: service/retail/sub-trade,North Carolina,36,routhwaterservice.com
Roxbury Pool & Patio LLC,name: service/retail/sub-trade,Connecticut,24,roxburypools.com
S & S Pool & Supplies Inc.,name: service/retail/sub-trade,Indiana,38,sspoolsandsupply.com
SALVA POOL SERVICES CORP,name: service/retail/sub-trade,New York,39,salvapoolservices.com
SBC Outdoor Services,name: service/retail/sub-trade,Maryland,35,sbclandscaping.com
SBC Pool Supplies,name: service/retail/sub-trade,California,43,sbcpool.com
"SEA BLUE POOL AND SPA SERVICES, LLC",name: service/retail/sub-trade,Texas,106,seabluepoolandspaservicesllc.com
SRK Pool Services Inc,name: service/retail/sub-trade,New York,21,srkpools.com
"Sabine Pools, Spas & Furniture",name: service/retail/sub-trade,Louisiana,67,sabinepools.com
"Sabine Pools, Spas & Furniture",name: service/retail/sub-trade,Louisiana,60,sabinepools.com
"Sac Valley Pool Service, Inc.",name: service/retail/sub-trade,California,24,sacvalleypoolservice.com
Sacramento Chemical Swimming Pool Service,name: service/retail/sub-trade,California,30,sacramentocsps.com
Savannah Pool Services,name: service/retail/sub-trade,Georgia,36,savpools.com
Schmittys Pool Tech.,name: service/retail/sub-trade,Arizona,33,schmittyspooltech.com
Scott High Pool Services,name: service/retail/sub-trade,Pennsylvania,20,scotthighpoolservice.com
Seminole Pool Supply,name: service/retail/sub-trade,Florida,121,seminolepoolsupply.com
Shoemaker Pool Service Inc,name: service/retail/sub-trade,Alabama,105,shoemakerpools.com
Sierra Pool Services,name: service/retail/sub-trade,California,27,sierrapoolsinc.com
Skipper's Pool & Spa Service LLC,name: service/retail/sub-trade,Kentucky,127,skipperspoolandspa.com
Smith Pool Services,name: service/retail/sub-trade,Pennsylvania,30,smithswimmingpools.com
So Cal Pool Plaster,name: service/retail/sub-trade,California,59,socalpoolplaster.com
Sobral Pool Services,name: service/retail/sub-trade,Texas,129,sobralpools.com
Solar Energy Systems of Brevard,name: service/retail/sub-trade,Florida,21,321gosolar.com
Solara Pools,name: service/retail/sub-trade,Florida,23,solarapoolresurfacingrenovationsofflorida.com
Southern Screen LLC,name: service/retail/sub-trade,Florida,43,southernconstructionpools.com
Southwest Pool Service & Repair,name: service/retail/sub-trade,Florida,69,southwestpool.com
Sparkle Pool & Christmas Supply Store,name: service/retail/sub-trade,New Jersey,82,sparklepoolsupply.com
Spartan Pool Supplies,name: service/retail/sub-trade,Georgia,33,spartanpoolproducts.com
Specs Pool Services,name: service/retail/sub-trade,Florida,22,specspoolservices.com
Steelman Pool Inspection LLC,name: service/retail/sub-trade,Florida,42,clean-pool-and-spa.com
Stiles Pool Inc,name: service/retail/sub-trade,New York,25,stilespools.com
Sting Ray Pool Services,name: service/retail/sub-trade,Illinois,24,stingraypools.net
Strongman Services,name: service/retail/sub-trade,New York,31,strongmanservices.com
Sun Blue Pool Services,name: service/retail/sub-trade,Florida,28,sunbluepools.com
"Sun Harvester Pools, Spas & Service",name: service/retail/sub-trade,Wisconsin,41,sunharvester.net
Sunflower Pool & Patio,name: service/retail/sub-trade,Kansas,33,sunflowerpoolandpatio.com
Sunrise Pool Services Inc.,name: service/retail/sub-trade,Georgia,94,sunrisepool.com
Sunset Pool & Patio LLC,name: service/retail/sub-trade,Mississippi,36,northmississippiswimmingpools.com
"Sunshine Pool & Spa Service, Inc.",name: service/retail/sub-trade,New York,24,sunshinepoolsli.com
Sunshine Pools & Billiards,name: service/retail/sub-trade,Texas,109,sunshinepoolstx.com
Superior Pool & Spa Services,name: service/retail/sub-trade,Texas,23,superiorpoolspa.com
Superior Pool Service LLC,name: service/retail/sub-trade,Tennessee,25,superiorpooltn.com
Supreme Pool Services,name: service/retail/sub-trade,Illinois,35,supremepoolsillinois.com
Susan's Pool & Spa Care,name: service/retail/sub-trade,Ohio,50,susanspoolcare.com
Sweet Pool Repair & Replaster,name: service/retail/sub-trade,California,45,sweetpoolrepairreplaster.homes
Swift Pool Maintenance & Leak Detection,name: service/retail/sub-trade,Alabama,67,swiftpoolmaintenance251.com
Swim State Pool Service,name: service/retail/sub-trade,Florida,62,swimstatepoolservice.com
Swim Tech Pool Services,name: service/retail/sub-trade,New York,102,swimtechpools.com
Swimming Pools of Tupelo & More Superstore,name: service/retail/sub-trade,Mississippi,80,poolsoftupelo.com
T and D Pool Service,name: service/retail/sub-trade,Massachusetts,39,tanddpoolservice.com
Tahoe Pool Service,name: service/retail/sub-trade,California,28,tahoepoolandspa.com
Taylor Pool Service,name: service/retail/sub-trade,Florida,56,taylorpoolservicefla.com
The Pool & Spa Doctor LLC,name: service/retail/sub-trade,New Jersey,71,thepoolandspadoc.com
The Pool Doctor,name: service/retail/sub-trade,Delaware,78,thepooldoctordover.com
The Pool Doctor,name: service/retail/sub-trade,Florida,62,pooldoctorfl.com
"The Pool Doctor, LLC",name: service/retail/sub-trade,Pennsylvania,34,thepool-doctor.com
"The Pool Enclosure Guys, LLC.",name: service/retail/sub-trade,Louisiana,45,thepoolenclosureguys.com
The Pool Guy/The Pool Store,name: service/retail/sub-trade,Texas,71,thepoolguybcs.com
The Pool Guyz,name: service/retail/sub-trade,Virginia,70,thepoolguyz.com
The Pool Man,name: service/retail/sub-trade,New York,23,kevinthepoolman.com
"The Pool Man, Inc.",name: service/retail/sub-trade,Colorado,52,poolmanusa.co
The Pool Store,name: service/retail/sub-trade,Kentucky,40,thepoolstoreky.com
The Pool Store of Cochran,name: service/retail/sub-trade,Georgia,51,thepoolstoreofcochran.com
The Swimming Pool Store,name: service/retail/sub-trade,Connecticut,48,theswimmingpoolstore.com
Thompson Pools & Supplies,name: service/retail/sub-trade,Georgia,66,thompsonpoolsinc.com
Tim's Tile & Marcite,name: service/retail/sub-trade,Florida,29,timsmarcite.com
Todds Pool and Spa Service,name: service/retail/sub-trade,Missouri,31,weebly.com
Treasure Pools and Services Inc,name: service/retail/sub-trade,Florida,100,treasurepoolsfl.com
Triton Pool Services,name: service/retail/sub-trade,Florida,56,tritonpoolservicesfl.com
"Tropical Pools & Screens,LLC",name: service/retail/sub-trade,Florida,42,tropicalpaversandpools.com
Ultimate Pool Guy,name: service/retail/sub-trade,California,71,youtube.com
Ultimate Pool Remodel,name: service/retail/sub-trade,Florida,23,ultimatepoolremodel.com
Ultimate Pool Remodeling and Plaster,name: service/retail/sub-trade,California,90,ultimatepoolremodeling.com
Urban Green Remodeling,name: service/retail/sub-trade,California,129,urbangreenremodeling.com
Utah Pool Guy,name: service/retail/sub-trade,Utah,58,utahpoolguy.com
Virginia Pool Sales & Services,name: service/retail/sub-trade,Virginia,31,vapoolsales.com
"Volunteer Pools & Service, L.L.C.",name: service/retail/sub-trade,Tennessee,134,volpools.com
"Water Pure Florida - Swimming Pool Heaters Cape Coral, Ft. Myers, And More",name: service/retail/sub-trade,Florida,99,waterpurefl.com
"Waterscapes, A Clear Difference",name: service/retail/sub-trade,New Jersey,35,njwaterscapes.com
"Western Lehigh Services, Inc",name: service/retail/sub-trade,Pennsylvania,40,westernlehighservices.com
Westfair Pool & Supply Inc,name: service/retail/sub-trade,New York,33,westfairpools.com
Wicked Pool Guys,name: service/retail/sub-trade,Texas,32,wickedpoolguys.com
Wilson's Pool & Spa Service,name: service/retail/sub-trade,California,27,wilsonspoolandspaserviceca.com
Windsor Pool Guys,name: service/retail/sub-trade,Michigan,69,windsorpoolguys.ca
"Wise Pool & Spa Service, Inc.",name: service/retail/sub-trade,Maryland,24,wisepoolandspa.com
Wyld home services llc,name: service/retail/sub-trade,Arizona,24,aquadoctornow.com
Yudi Pool Services,name: service/retail/sub-trade,Florida,24,yudipoolservices.com
A & G's Pools & Spas Inc DBA Greg's Marcite,name: sub-trade (deck/finish/remodel),Florida,24,gregsmarcite.com
AZ Deck,name: sub-trade (deck/finish/remodel),Arizona,118,arizonadeck.com
Albatross Pool Remodeling & Backyard Renovations,name: sub-trade (deck/finish/remodel),Florida,27,albatrossconstructionllc.co
Altra Cool Deck LLC,name: sub-trade (deck/finish/remodel),Arizona,78,altracooldeck.com
Aqua Techs Pools and Spas LLC,name: sub-trade (deck/finish/remodel),New Mexico,55,aquatechsofalbuquerque.com
Aquatic Surfaces FL,name: sub-trade (deck/finish/remodel),Florida,46,aquaticsurfacesfl.com
"Aquatic Surfaces of the Treasure Coast, Inc.",name: sub-trade (deck/finish/remodel),Florida,39,aquaticsurface.com
Arizona Acrylic Decks LLC,name: sub-trade (deck/finish/remodel),Arizona,40,arizonaacrylics.com
Classic Marcite,name: sub-trade (deck/finish/remodel),Florida,117,classicmarcite.com
"Custom Pool Renovations, Inc",name: sub-trade (deck/finish/remodel),Florida,76,custompoolrenovationsinc.com
Custom Pools & Remodeling,name: sub-trade (deck/finish/remodel),California,21,custompoolsrow.com
Florida Pool Finishers,name: sub-trade (deck/finish/remodel),Florida,63,floridapoolfinishers.com
Mancini Pool Deck Inc,name: sub-trade (deck/finish/remodel),Connecticut,32,mancinipooldecks.com
Mario's Pool and Deck Company,name: sub-trade (deck/finish/remodel),Texas,50,mariospoolanddeckcompany.com
Master Pool Decks,name: sub-trade (deck/finish/remodel),Arizona,54,masterpooldecks.com
Millers Marcite LLC,name: sub-trade (deck/finish/remodel),Florida,28,millersmarcite.com
"Mr. Marcite, Inc.",name: sub-trade (deck/finish/remodel),Florida,118,mrmarcite.com
"New Image Pool Interiors, Inc.",name: sub-trade (deck/finish/remodel),California,54,newimagepoolinteriors.com
"PTX Custom Pools | Fort Worth (Pool Installation, Renovation, and Decks)",name: sub-trade (deck/finish/remodel),Texas,54,ptxcustompools.com
Pleasure Pool & Deck Llc.,name: sub-trade (deck/finish/remodel),Pennsylvania,24,pleasurepoolanddeck.com
Pool & Deck Concepts,name: sub-trade (deck/finish/remodel),Florida,74,poolanddeckconcepts.com
Pool & Spa Medics,name: sub-trade (deck/finish/remodel),Colorado,57,poolandspamedics.com
Pools Patios Decks & More,name: sub-trade (deck/finish/remodel),Massachusetts,55,508pools.com
Poolscapes and Paver Renovations,name: sub-trade (deck/finish/remodel),Florida,42,newpoolscapes.com
Precision Pool Techs,name: sub-trade (deck/finish/remodel),Arizona,135,precisionpooltechs.com
Precision Pools & Decks,name: sub-trade (deck/finish/remodel),Illinois,24,precisionhomerenovationsandpools.com
"R. Butler Pools and Decks, LLC",name: sub-trade (deck/finish/remodel),Florida,58,floridakeyspoolrenovations.com
"R. Butler Pools and Decks, LLC",name: sub-trade (deck/finish/remodel),Florida,26,floridakeyspoolrenovations.com
Refresh Pools AZ,name: sub-trade (deck/finish/remodel),Arizona,43,refreshpoolsaz.com
Stay Fresh Pools,name: sub-trade (deck/finish/remodel),Arizona,82,stayfreshpoolsaz.com
Superstition Pools and Backyard Remodel,name: sub-trade (deck/finish/remodel),Arizona,22,superstitionpools.net
"TKs Country Pools & Decks, LLC.",name: sub-trade (deck/finish/remodel),Texas,56,tkscountrypools.com
TMC Custom Pools & Renovations,name: sub-trade (deck/finish/remodel),Arizona,31,tmcpools.com
